CS,CS_rating,CS_recall,CS_recognition,CS_valence_rat,US,age,correct_US_recog,correct_ext_no_rehearsal_response,correct_recall_response,correct_recognition_response,extinction_rat,extinction_recall,extinction_recog,form_var,paired_US_recall,paired_US_word_cap,rehearsal,response_chinese_response,response_ext_no_rehearsal_response,response_rating_response,response_recall_response,response_recognition_response,response_seriousness_response,response_sex_response,response_strategy,response_time_ext_no_rehearsal_response,subject_nr,title
"pic109.bmp","NA","NA","NA","NA","BEGEISTERUNG.png","22","NA","NA","NA","NA","NA","NA","NA","NA","NA","NA","0","NA","NA","NA","NA","NA","NA","1","","NA","42","EC_extinction_cued_recall_2"
"pic104.bmp","NA","NA","NA","NA","Freundlichkeit_skaliert.png","22","NA","NA","NA","NA","NA","NA","NA","NA","NA","NA","0","NA","NA","NA","NA","NA","NA","1","","NA","42","EC_extinction_cued_recall_2"
"pic9.BMP","NA","NA","NA","NA","Vertrauen_skaliert.png","22","NA","NA","NA","NA","NA","NA","NA","NA","NA","NA","0","NA","NA","NA","NA","NA","NA","1","","NA","42","EC_extinction_cued_recall_2"
"pic145.BMP","NA","NA","NA","NA","Heiterkeit_skaliert.png","22","NA","NA","NA","NA","NA","NA","NA","NA","NA","NA","0","NA","NA","NA","NA","NA","NA","1","","NA","42","EC_extinction_cued_recall_2"
"pic13.BMP","NA","NA","NA","NA","Fröhlichkeit_skaliert.png","22","NA","NA","NA","NA","NA","NA","NA","NA","NA","NA","0","NA","NA","NA","NA","NA","NA","1","","NA","42","EC_extinction_cued_recall_2"
"pic39.BMP","NA","NA","NA","NA","Ausrottung.png","22","NA","NA","NA","NA","NA","NA","NA","NA","NA","NA","0","NA","NA","NA","NA","NA","NA","1","","NA","42","EC_extinction_cued_recall_2"
"pic27.BMP","NA","NA","NA","NA","Gesundheit_skaliert.png","22","NA","NA","NA","NA","NA","NA","NA","NA","NA","NA","0","NA","NA","NA","NA","NA","NA","1","","NA","42","EC_extinction_cued_recall_2"
"pic34_a.bmp","NA","NA","NA","NA","Brutalität.png","22","NA","NA","NA","NA","NA","NA","NA","NA","NA","NA","0","NA","NA","NA","NA","NA","NA","1","","NA","42","EC_extinction_cued_recall_2"
"pic58_a.bmp","NA","NA","NA","NA","Schmetterling_skaliert.png","22","NA","NA","NA","NA","NA","NA","NA","NA","NA","NA","0","NA","NA","NA","NA","NA","NA","1","","NA","42","EC_extinction_cued_recall_2"
"pic22.BMP","NA","NA","NA","NA","Fieberwahn.png","22","NA","NA","NA","NA","NA","NA","NA","NA","NA","NA","0","NA","NA","NA","NA","NA","NA","1","","NA","42","EC_extinction_cued_recall_2"
"pic40.BMP","NA","NA","NA","NA","Bedrohung.png","22","NA","NA","NA","NA","NA","NA","NA","NA","NA","NA","0","NA","NA","NA","NA","NA","NA","1","","NA","42","EC_extinction_cued_recall_2"
"pic93.BMP","NA","NA","NA","NA","Todeskampf.png","22","NA","NA","NA","NA","NA","NA","NA","NA","NA","NA","0","NA","NA","NA","NA","NA","NA","1","","NA","42","EC_extinction_cued_recall_2"
"pic13.BMP","NA","NA","NA","NA","Fröhlichkeit_skaliert.png","22","NA","NA","NA","NA","NA","NA","NA","NA","NA","NA","0","NA","NA","NA","NA","NA","NA","1","","NA","42","EC_extinction_cued_recall_2"
"pic82_a.bmp","NA","NA","NA","NA","Druckmittel.png","22","NA","NA","NA","NA","NA","NA","NA","NA","NA","NA","0","NA","NA","NA","NA","NA","NA","1","","NA","42","EC_extinction_cued_recall_2"
"pic93.BMP","NA","NA","NA","NA","Todeskampf.png","22","NA","NA","NA","NA","NA","NA","NA","NA","NA","NA","0","NA","NA","NA","NA","NA","NA","1","","NA","42","EC_extinction_cued_recall_2"
"pic144.BMP","NA","NA","NA","NA","Gehässigkeit.png","22","NA","NA","NA","NA","NA","NA","NA","NA","NA","NA","0","NA","NA","NA","NA","NA","NA","1","","NA","42","EC_extinction_cued_recall_2"
"pic188_a.bmp","NA","NA","NA","NA","Verständnis_skaliert.png","22","NA","NA","NA","NA","NA","NA","NA","NA","NA","NA","0","NA","NA","NA","NA","NA","NA","1","","NA","42","EC_extinction_cued_recall_2"
"pic104.bmp","NA","NA","NA","NA","Freundlichkeit_skaliert.png","22","NA","NA","NA","NA","NA","NA","NA","NA","NA","NA","0","NA","NA","NA","NA","NA","NA","1","","NA","42","EC_extinction_cued_recall_2"
"pic177.BMP","NA","NA","NA","NA","ANERKENNUNG.png","22","NA","NA","NA","NA","NA","NA","NA","NA","NA","NA","0","NA","NA","NA","NA","NA","NA","1","","NA","42","EC_extinction_cued_recall_2"
"pic82_a.bmp","NA","NA","NA","NA","Druckmittel.png","22","NA","NA","NA","NA","NA","NA","NA","NA","NA","NA","0","NA","NA","NA","NA","NA","NA","1","","NA","42","EC_extinction_cued_recall_2"
"pic109.bmp","NA","NA","NA","NA","BEGEISTERUNG.png","22","NA","NA","NA","NA","NA","NA","NA","NA","NA","NA","0","NA","NA","NA","NA","NA","NA","1","","NA","42","EC_extinction_cued_recall_2"
"pic115.bmp","NA","NA","NA","NA","Anmaßung.png","22","NA","NA","NA","NA","NA","NA","NA","NA","NA","NA","0","NA","NA","NA","NA","NA","NA","1","","NA","42","EC_extinction_cued_recall_2"
"pic51_a.bmp","NA","NA","NA","NA","Phantasie_skaliert.png","22","NA","NA","NA","NA","NA","NA","NA","NA","NA","NA","0","NA","NA","NA","NA","NA","NA","1","","NA","42","EC_extinction_cued_recall_2"
"pic58_a.bmp","NA","NA","NA","NA","Schmetterling_skaliert.png","22","NA","NA","NA","NA","NA","NA","NA","NA","NA","NA","0","NA","NA","NA","NA","NA","NA","1","","NA","42","EC_extinction_cued_recall_2"
"pic112.bmp","NA","NA","NA","NA","Beleidigung.png","22","NA","NA","NA","NA","NA","NA","NA","NA","NA","NA","0","NA","NA","NA","NA","NA","NA","1","","NA","42","EC_extinction_cued_recall_2"
"pic27.BMP","NA","NA","NA","NA","Gesundheit_skaliert.png","22","NA","NA","NA","NA","NA","NA","NA","NA","NA","NA","0","NA","NA","NA","NA","NA","NA","1","","NA","42","EC_extinction_cued_recall_2"
"pic115.bmp","NA","NA","NA","NA","Anmaßung.png","22","NA","NA","NA","NA","NA","NA","NA","NA","NA","NA","0","NA","NA","NA","NA","NA","NA","1","","NA","42","EC_extinction_cued_recall_2"
"pic29.BMP","NA","NA","NA","NA","Gefängnis.png","22","NA","NA","NA","NA","NA","NA","NA","NA","NA","NA","0","NA","NA","NA","NA","NA","NA","1","","NA","42","EC_extinction_cued_recall_2"
"pic90.BMP","NA","NA","NA","NA","Herzlichkeit_skaliert.png","22","NA","NA","NA","NA","NA","NA","NA","NA","NA","NA","0","NA","NA","NA","NA","NA","NA","1","","NA","42","EC_extinction_cued_recall_2"
"pic147.BMP","NA","NA","NA","NA","Verbrechen.png","22","NA","NA","NA","NA","NA","NA","NA","NA","NA","NA","0","NA","NA","NA","NA","NA","NA","1","","NA","42","EC_extinction_cued_recall_2"
"pic145.BMP","NA","NA","NA","NA","Heiterkeit_skaliert.png","22","NA","NA","NA","NA","NA","NA","NA","NA","NA","NA","0","NA","NA","NA","NA","NA","NA","1","","NA","42","EC_extinction_cued_recall_2"
"pic21.BMP","NA","NA","NA","NA","Blumenstrauß_skaliert.png","22","NA","NA","NA","NA","NA","NA","NA","NA","NA","NA","0","NA","NA","NA","NA","NA","NA","1","","NA","42","EC_extinction_cued_recall_2"
"pic69_a.bmp","NA","NA","NA","NA","Zerstörung.png","22","NA","NA","NA","NA","NA","NA","NA","NA","NA","NA","0","NA","NA","NA","NA","NA","NA","1","","NA","42","EC_extinction_cued_recall_2"
"pic144.BMP","NA","NA","NA","NA","Gehässigkeit.png","22","NA","NA","NA","NA","NA","NA","NA","NA","NA","NA","0","NA","NA","NA","NA","NA","NA","1","","NA","42","EC_extinction_cued_recall_2"
"pic112.bmp","NA","NA","NA","NA","Beleidigung.png","22","NA","NA","NA","NA","NA","NA","NA","NA","NA","NA","0","NA","NA","NA","NA","NA","NA","1","","NA","42","EC_extinction_cued_recall_2"
"pic177.BMP","NA","NA","NA","NA","ANERKENNUNG.png","22","NA","NA","NA","NA","NA","NA","NA","NA","NA","NA","0","NA","NA","NA","NA","NA","NA","1","","NA","42","EC_extinction_cued_recall_2"
"pic9.BMP","NA","NA","NA","NA","Vertrauen_skaliert.png","22","NA","NA","NA","NA","NA","NA","NA","NA","NA","NA","0","NA","NA","NA","NA","NA","NA","1","","NA","42","EC_extinction_cued_recall_2"
"pic69_a.bmp","NA","NA","NA","NA","Zerstörung.png","22","NA","NA","NA","NA","NA","NA","NA","NA","NA","NA","0","NA","NA","NA","NA","NA","NA","1","","NA","42","EC_extinction_cued_recall_2"
"pic188_a.bmp","NA","NA","NA","NA","Verständnis_skaliert.png","22","NA","NA","NA","NA","NA","NA","NA","NA","NA","NA","0","NA","NA","NA","NA","NA","NA","1","","NA","42","EC_extinction_cued_recall_2"
"pic21.BMP","NA","NA","NA","NA","Blumenstrauß_skaliert.png","22","NA","NA","NA","NA","NA","NA","NA","NA","NA","NA","0","NA","NA","NA","NA","NA","NA","1","","NA","42","EC_extinction_cued_recall_2"
"pic29.BMP","NA","NA","NA","NA","Gefängnis.png","22","NA","NA","NA","NA","NA","NA","NA","NA","NA","NA","0","NA","NA","NA","NA","NA","NA","1","","NA","42","EC_extinction_cued_recall_2"
"pic51_a.bmp","NA","NA","NA","NA","Phantasie_skaliert.png","22","NA","NA","NA","NA","NA","NA","NA","NA","NA","NA","0","NA","NA","NA","NA","NA","NA","1","","NA","42","EC_extinction_cued_recall_2"
"pic40.BMP","NA","NA","NA","NA","Bedrohung.png","22","NA","NA","NA","NA","NA","NA","NA","NA","NA","NA","0","NA","NA","NA","NA","NA","NA","1","","NA","42","EC_extinction_cued_recall_2"
"pic39.BMP","NA","NA","NA","NA","Ausrottung.png","22","NA","NA","NA","NA","NA","NA","NA","NA","NA","NA","0","NA","NA","NA","NA","NA","NA","1","","NA","42","EC_extinction_cued_recall_2"
"pic34_a.bmp","NA","NA","NA","NA","Brutalität.png","22","NA","NA","NA","NA","NA","NA","NA","NA","NA","NA","0","NA","NA","NA","NA","NA","NA","1","","NA","42","EC_extinction_cued_recall_2"
"pic90.BMP","NA","NA","NA","NA","Herzlichkeit_skaliert.png","22","NA","NA","NA","NA","NA","NA","NA","NA","NA","NA","0","NA","NA","NA","NA","NA","NA","1","","NA","42","EC_extinction_cued_recall_2"
"pic22.BMP","NA","NA","NA","NA","Fieberwahn.png","22","NA","NA","NA","NA","NA","NA","NA","NA","NA","NA","0","NA","NA","NA","NA","NA","NA","1","","NA","42","EC_extinction_cued_recall_2"
"pic147.BMP","NA","NA","NA","NA","Verbrechen.png","22","NA","NA","NA","NA","NA","NA","NA","NA","NA","NA","0","NA","NA","NA","NA","NA","NA","1","","NA","42","EC_extinction_cued_recall_2"
"pic112.bmp","NA","NA","NA","NA","Beleidigung.png","22","NA","NA","NA","NA","NA","NA","NA","NA","NA","NA","0","NA","NA","NA","NA","NA","NA","1","","NA","42","EC_extinction_cued_recall_2"
"pic69_a.bmp","NA","NA","NA","NA","Zerstörung.png","22","NA","NA","NA","NA","NA","NA","NA","NA","NA","NA","0","NA","NA","NA","NA","NA","NA","1","","NA","42","EC_extinction_cued_recall_2"
"pic34_a.bmp","NA","NA","NA","NA","Brutalität.png","22","NA","NA","NA","NA","NA","NA","NA","NA","NA","NA","0","NA","NA","NA","NA","NA","NA","1","","NA","42","EC_extinction_cued_recall_2"
"pic115.bmp","NA","NA","NA","NA","Anmaßung.png","22","NA","NA","NA","NA","NA","NA","NA","NA","NA","NA","0","NA","NA","NA","NA","NA","NA","1","","NA","42","EC_extinction_cued_recall_2"
"pic188_a.bmp","NA","NA","NA","NA","Verständnis_skaliert.png","22","NA","NA","NA","NA","NA","NA","NA","NA","NA","NA","0","NA","NA","NA","NA","NA","NA","1","","NA","42","EC_extinction_cued_recall_2"
"pic93.BMP","NA","NA","NA","NA","Todeskampf.png","22","NA","NA","NA","NA","NA","NA","NA","NA","NA","NA","0","NA","NA","NA","NA","NA","NA","1","","NA","42","EC_extinction_cued_recall_2"
"pic29.BMP","NA","NA","NA","NA","Gefängnis.png","22","NA","NA","NA","NA","NA","NA","NA","NA","NA","NA","0","NA","NA","NA","NA","NA","NA","1","","NA","42","EC_extinction_cued_recall_2"
"pic40.BMP","NA","NA","NA","NA","Bedrohung.png","22","NA","NA","NA","NA","NA","NA","NA","NA","NA","NA","0","NA","NA","NA","NA","NA","NA","1","","NA","42","EC_extinction_cued_recall_2"
"pic93.BMP","NA","NA","NA","NA","Todeskampf.png","22","NA","NA","NA","NA","NA","NA","NA","NA","NA","NA","0","NA","NA","NA","NA","NA","NA","1","","NA","42","EC_extinction_cued_recall_2"
"pic145.BMP","NA","NA","NA","NA","Heiterkeit_skaliert.png","22","NA","NA","NA","NA","NA","NA","NA","NA","NA","NA","0","NA","NA","NA","NA","NA","NA","1","","NA","42","EC_extinction_cued_recall_2"
"pic39.BMP","NA","NA","NA","NA","Ausrottung.png","22","NA","NA","NA","NA","NA","NA","NA","NA","NA","NA","0","NA","NA","NA","NA","NA","NA","1","","NA","42","EC_extinction_cued_recall_2"
"pic112.bmp","NA","NA","NA","NA","Beleidigung.png","22","NA","NA","NA","NA","NA","NA","NA","NA","NA","NA","0","NA","NA","NA","NA","NA","NA","1","","NA","42","EC_extinction_cued_recall_2"
"pic90.BMP","NA","NA","NA","NA","Herzlichkeit_skaliert.png","22","NA","NA","NA","NA","NA","NA","NA","NA","NA","NA","0","NA","NA","NA","NA","NA","NA","1","","NA","42","EC_extinction_cued_recall_2"
"pic51_a.bmp","NA","NA","NA","NA","Phantasie_skaliert.png","22","NA","NA","NA","NA","NA","NA","NA","NA","NA","NA","0","NA","NA","NA","NA","NA","NA","1","","NA","42","EC_extinction_cued_recall_2"
"pic177.BMP","NA","NA","NA","NA","ANERKENNUNG.png","22","NA","NA","NA","NA","NA","NA","NA","NA","NA","NA","0","NA","NA","NA","NA","NA","NA","1","","NA","42","EC_extinction_cued_recall_2"
"pic82_a.bmp","NA","NA","NA","NA","Druckmittel.png","22","NA","NA","NA","NA","NA","NA","NA","NA","NA","NA","0","NA","NA","NA","NA","NA","NA","1","","NA","42","EC_extinction_cued_recall_2"
"pic144.BMP","NA","NA","NA","NA","Gehässigkeit.png","22","NA","NA","NA","NA","NA","NA","NA","NA","NA","NA","0","NA","NA","NA","NA","NA","NA","1","","NA","42","EC_extinction_cued_recall_2"
"pic27.BMP","NA","NA","NA","NA","Gesundheit_skaliert.png","22","NA","NA","NA","NA","NA","NA","NA","NA","NA","NA","0","NA","NA","NA","NA","NA","NA","1","","NA","42","EC_extinction_cued_recall_2"
"pic39.BMP","NA","NA","NA","NA","Ausrottung.png","22","NA","NA","NA","NA","NA","NA","NA","NA","NA","NA","0","NA","NA","NA","NA","NA","NA","1","","NA","42","EC_extinction_cued_recall_2"
"pic22.BMP","NA","NA","NA","NA","Fieberwahn.png","22","NA","NA","NA","NA","NA","NA","NA","NA","NA","NA","0","NA","NA","NA","NA","NA","NA","1","","NA","42","EC_extinction_cued_recall_2"
"pic188_a.bmp","NA","NA","NA","NA","Verständnis_skaliert.png","22","NA","NA","NA","NA","NA","NA","NA","NA","NA","NA","0","NA","NA","NA","NA","NA","NA","1","","NA","42","EC_extinction_cued_recall_2"
"pic13.BMP","NA","NA","NA","NA","Fröhlichkeit_skaliert.png","22","NA","NA","NA","NA","NA","NA","NA","NA","NA","NA","0","NA","NA","NA","NA","NA","NA","1","","NA","42","EC_extinction_cued_recall_2"
"pic58_a.bmp","NA","NA","NA","NA","Schmetterling_skaliert.png","22","NA","NA","NA","NA","NA","NA","NA","NA","NA","NA","0","NA","NA","NA","NA","NA","NA","1","","NA","42","EC_extinction_cued_recall_2"
"pic9.BMP","NA","NA","NA","NA","Vertrauen_skaliert.png","22","NA","NA","NA","NA","NA","NA","NA","NA","NA","NA","0","NA","NA","NA","NA","NA","NA","1","","NA","42","EC_extinction_cued_recall_2"
"pic144.BMP","NA","NA","NA","NA","Gehässigkeit.png","22","NA","NA","NA","NA","NA","NA","NA","NA","NA","NA","0","NA","NA","NA","NA","NA","NA","1","","NA","42","EC_extinction_cued_recall_2"
"pic34_a.bmp","NA","NA","NA","NA","Brutalität.png","22","NA","NA","NA","NA","NA","NA","NA","NA","NA","NA","0","NA","NA","NA","NA","NA","NA","1","","NA","42","EC_extinction_cued_recall_2"
"pic90.BMP","NA","NA","NA","NA","Herzlichkeit_skaliert.png","22","NA","NA","NA","NA","NA","NA","NA","NA","NA","NA","0","NA","NA","NA","NA","NA","NA","1","","NA","42","EC_extinction_cued_recall_2"
"pic82_a.bmp","NA","NA","NA","NA","Druckmittel.png","22","NA","NA","NA","NA","NA","NA","NA","NA","NA","NA","0","NA","NA","NA","NA","NA","NA","1","","NA","42","EC_extinction_cued_recall_2"
"pic109.bmp","NA","NA","NA","NA","BEGEISTERUNG.png","22","NA","NA","NA","NA","NA","NA","NA","NA","NA","NA","0","NA","NA","NA","NA","NA","NA","1","","NA","42","EC_extinction_cued_recall_2"
"pic115.bmp","NA","NA","NA","NA","Anmaßung.png","22","NA","NA","NA","NA","NA","NA","NA","NA","NA","NA","0","NA","NA","NA","NA","NA","NA","1","","NA","42","EC_extinction_cued_recall_2"
"pic145.BMP","NA","NA","NA","NA","Heiterkeit_skaliert.png","22","NA","NA","NA","NA","NA","NA","NA","NA","NA","NA","0","NA","NA","NA","NA","NA","NA","1","","NA","42","EC_extinction_cued_recall_2"
"pic21.BMP","NA","NA","NA","NA","Blumenstrauß_skaliert.png","22","NA","NA","NA","NA","NA","NA","NA","NA","NA","NA","0","NA","NA","NA","NA","NA","NA","1","","NA","42","EC_extinction_cued_recall_2"
"pic9.BMP","NA","NA","NA","NA","Vertrauen_skaliert.png","22","NA","NA","NA","NA","NA","NA","NA","NA","NA","NA","0","NA","NA","NA","NA","NA","NA","1","","NA","42","EC_extinction_cued_recall_2"
"pic147.BMP","NA","NA","NA","NA","Verbrechen.png","22","NA","NA","NA","NA","NA","NA","NA","NA","NA","NA","0","NA","NA","NA","NA","NA","NA","1","","NA","42","EC_extinction_cued_recall_2"
"pic13.BMP","NA","NA","NA","NA","Fröhlichkeit_skaliert.png","22","NA","NA","NA","NA","NA","NA","NA","NA","NA","NA","0","NA","NA","NA","NA","NA","NA","1","","NA","42","EC_extinction_cued_recall_2"
"pic69_a.bmp","NA","NA","NA","NA","Zerstörung.png","22","NA","NA","NA","NA","NA","NA","NA","NA","NA","NA","0","NA","NA","NA","NA","NA","NA","1","","NA","42","EC_extinction_cued_recall_2"
"pic104.bmp","NA","NA","NA","NA","Freundlichkeit_skaliert.png","22","NA","NA","NA","NA","NA","NA","NA","NA","NA","NA","0","NA","NA","NA","NA","NA","NA","1","","NA","42","EC_extinction_cued_recall_2"
"pic22.BMP","NA","NA","NA","NA","Fieberwahn.png","22","NA","NA","NA","NA","NA","NA","NA","NA","NA","NA","0","NA","NA","NA","NA","NA","NA","1","","NA","42","EC_extinction_cued_recall_2"
"pic104.bmp","NA","NA","NA","NA","Freundlichkeit_skaliert.png","22","NA","NA","NA","NA","NA","NA","NA","NA","NA","NA","0","NA","NA","NA","NA","NA","NA","1","","NA","42","EC_extinction_cued_recall_2"
"pic29.BMP","NA","NA","NA","NA","Gefängnis.png","22","NA","NA","NA","NA","NA","NA","NA","NA","NA","NA","0","NA","NA","NA","NA","NA","NA","1","","NA","42","EC_extinction_cued_recall_2"
"pic58_a.bmp","NA","NA","NA","NA","Schmetterling_skaliert.png","22","NA","NA","NA","NA","NA","NA","NA","NA","NA","NA","0","NA","NA","NA","NA","NA","NA","1","","NA","42","EC_extinction_cued_recall_2"
"pic27.BMP","NA","NA","NA","NA","Gesundheit_skaliert.png","22","NA","NA","NA","NA","NA","NA","NA","NA","NA","NA","0","NA","NA","NA","NA","NA","NA","1","","NA","42","EC_extinction_cued_recall_2"
"pic147.BMP","NA","NA","NA","NA","Verbrechen.png","22","NA","NA","NA","NA","NA","NA","NA","NA","NA","NA","0","NA","NA","NA","NA","NA","NA","1","","NA","42","EC_extinction_cued_recall_2"
"pic177.BMP","NA","NA","NA","NA","ANERKENNUNG.png","22","NA","NA","NA","NA","NA","NA","NA","NA","NA","NA","0","NA","NA","NA","NA","NA","NA","1","","NA","42","EC_extinction_cued_recall_2"
"pic51_a.bmp","NA","NA","NA","NA","Phantasie_skaliert.png","22","NA","NA","NA","NA","NA","NA","NA","NA","NA","NA","0","NA","NA","NA","NA","NA","NA","1","","NA","42","EC_extinction_cued_recall_2"
"pic21.BMP","NA","NA","NA","NA","Blumenstrauß_skaliert.png","22","NA","NA","NA","NA","NA","NA","NA","NA","NA","NA","0","NA","NA","NA","NA","NA","NA","1","","NA","42","EC_extinction_cued_recall_2"
"pic109.bmp","NA","NA","NA","NA","BEGEISTERUNG.png","22","NA","NA","NA","NA","NA","NA","NA","NA","NA","NA","0","NA","NA","NA","NA","NA","NA","1","","NA","42","EC_extinction_cued_recall_2"
"pic40.BMP","NA","NA","NA","NA","Bedrohung.png","22","NA","NA","NA","NA","NA","NA","NA","NA","NA","NA","0","NA","NA","NA","NA","NA","NA","1","","NA","42","EC_extinction_cued_recall_2"
"pic40.BMP","NA","NA","NA","NA","Bedrohung.png","22","NA","NA","NA","NA","NA","NA","NA","NA","NA","NA","0","NA","NA","NA","NA","NA","NA","1","","NA","42","EC_extinction_cued_recall_2"
"pic40.BMP","NA","NA","NA","NA","Bedrohung.png","22","NA","NA","NA","NA","NA","NA","NA","NA","NA","NA","0","NA","NA","NA","NA","NA","NA","1","","NA","42","EC_extinction_cued_recall_2"
"pic40.BMP","NA","NA","NA","NA","Bedrohung.png","22","NA","NA","NA","NA","NA","NA","NA","NA","NA","NA","0","NA","NA","NA","NA","NA","NA","1","","NA","42","EC_extinction_cued_recall_2"
"pic40.BMP","NA","NA","NA","NA","Bedrohung.png","22","NA","NA","NA","NA","NA","NA","NA","NA","NA","NA","0","NA","NA","NA","NA","NA","NA","1","","NA","42","EC_extinction_cued_recall_2"
"pic40.BMP","NA","NA","NA","NA","Bedrohung.png","22","NA","NA","NA","NA","NA","NA","NA","NA","NA","NA","0","NA","NA","NA","NA","NA","NA","1","","NA","42","EC_extinction_cued_recall_2"
"pic40.BMP","NA","NA","NA","NA","Bedrohung.png","22","NA","NA","NA","NA","NA","NA","NA","NA","NA","NA","0","NA","NA","NA","NA","NA","NA","1","","NA","42","EC_extinction_cued_recall_2"
"pic40.BMP","NA","NA","NA","NA","Bedrohung.png","22","NA","NA","NA","NA","NA","NA","NA","NA","NA","NA","0","NA","NA","NA","NA","NA","NA","1","","NA","42","EC_extinction_cued_recall_2"
"pic40.BMP","NA","NA","NA","NA","Bedrohung.png","22","NA","NA","NA","NA","NA","NA","NA","NA","NA","NA","0","NA","NA","NA","NA","NA","NA","1","","NA","42","EC_extinction_cued_recall_2"
"pic40.BMP","NA","NA","NA","NA","Bedrohung.png","22","NA","NA","NA","NA","NA","NA","NA","NA","NA","NA","0","NA","NA","NA","NA","NA","NA","1","","NA","42","EC_extinction_cued_recall_2"
"pic40.BMP","NA","NA","NA","NA","Bedrohung.png","22","NA","NA","NA","NA","NA","NA","NA","NA","NA","NA","0","NA","NA","NA","NA","NA","NA","1","","NA","42","EC_extinction_cued_recall_2"
"pic40.BMP","NA","NA","NA","NA","Bedrohung.png","22","NA","NA","NA","NA","NA","NA","NA","NA","NA","NA","0","NA","NA","NA","NA","NA","NA","1","","NA","42","EC_extinction_cued_recall_2"
"pic40.BMP","NA","NA","NA","NA","Bedrohung.png","22","NA","NA","NA","NA","NA","NA","NA","NA","NA","NA","0","NA","NA","NA","NA","NA","NA","1","","NA","42","EC_extinction_cued_recall_2"
"pic40.BMP","NA","NA","NA","NA","Bedrohung.png","22","NA","NA","NA","NA","NA","NA","NA","NA","NA","NA","0","NA","NA","NA","NA","NA","NA","1","","NA","42","EC_extinction_cued_recall_2"
"pic40.BMP","NA","NA","NA","NA","Bedrohung.png","22","NA","NA","NA","NA","NA","NA","NA","NA","NA","NA","0","NA","NA","NA","NA","NA","NA","1","","NA","42","EC_extinction_cued_recall_2"
"pic40.BMP","NA","NA","NA","NA","Bedrohung.png","22","NA","NA","NA","NA","NA","NA","NA","NA","NA","NA","0","NA","NA","NA","NA","NA","NA","1","","NA","42","EC_extinction_cued_recall_2"
"pic40.BMP","NA","NA","NA","NA","Bedrohung.png","22","NA","NA","NA","NA","NA","NA","NA","NA","NA","NA","0","NA","NA","NA","NA","NA","NA","1","","NA","42","EC_extinction_cued_recall_2"
"pic40.BMP","NA","NA","NA","NA","Bedrohung.png","22","NA","NA","NA","NA","NA","NA","NA","NA","NA","NA","0","NA","NA","NA","NA","NA","NA","1","","NA","42","EC_extinction_cued_recall_2"
"pic40.BMP","NA","NA","NA","NA","Bedrohung.png","22","NA","NA","NA","NA","NA","NA","NA","NA","NA","NA","0","NA","NA","NA","NA","NA","NA","1","","NA","42","EC_extinction_cued_recall_2"
"pic40.BMP","NA","NA","NA","NA","Bedrohung.png","22","NA","NA","NA","NA","NA","NA","NA","NA","NA","NA","0","NA","NA","NA","NA","NA","NA","1","","NA","42","EC_extinction_cued_recall_2"
"pic40.BMP","NA","NA","NA","NA","Bedrohung.png","22","NA","NA","NA","NA","NA","NA","NA","NA","NA","NA","0","NA","NA","NA","NA","NA","NA","1","","NA","42","EC_extinction_cued_recall_2"
"pic40.BMP","NA","NA","NA","NA","Bedrohung.png","22","NA","NA","NA","NA","NA","NA","NA","NA","NA","NA","0","NA","NA","NA","NA","NA","NA","1","","NA","42","EC_extinction_cued_recall_2"
"pic40.BMP","NA","NA","NA","NA","Bedrohung.png","22","NA","NA","NA","NA","NA","NA","NA","NA","NA","NA","0","NA","NA","NA","NA","NA","NA","1","","NA","42","EC_extinction_cued_recall_2"
"pic40.BMP","NA","NA","NA","NA","Bedrohung.png","22","NA","NA","NA","NA","NA","NA","NA","NA","NA","NA","0","NA","NA","NA","NA","NA","NA","1","","NA","42","EC_extinction_cued_recall_2"
"pic40.BMP","NA","NA","NA","NA","Bedrohung.png","22","NA","NA","NA","NA","NA","NA","NA","NA","NA","NA","0","NA","NA","NA","NA","NA","NA","1","","NA","42","EC_extinction_cued_recall_2"
"pic40.BMP","NA","NA","NA","NA","Bedrohung.png","22","NA","NA","NA","NA","NA","NA","NA","NA","NA","NA","0","NA","NA","NA","NA","NA","NA","1","","NA","42","EC_extinction_cued_recall_2"
"pic40.BMP","NA","NA","NA","NA","Bedrohung.png","22","NA","NA","NA","NA","NA","NA","NA","NA","NA","NA","0","NA","NA","NA","NA","NA","NA","1","","NA","42","EC_extinction_cued_recall_2"
"pic40.BMP","NA","NA","NA","NA","Bedrohung.png","22","NA","NA","NA","NA","NA","NA","NA","NA","NA","NA","0","NA","NA","NA","NA","NA","NA","1","","NA","42","EC_extinction_cued_recall_2"
"pic40.BMP","NA","NA","NA","NA","Bedrohung.png","22","NA","NA","NA","NA","NA","NA","NA","NA","NA","NA","0","NA","NA","NA","NA","NA","NA","1","","NA","42","EC_extinction_cued_recall_2"
"pic40.BMP","NA","NA","NA","NA","Bedrohung.png","22","NA","NA","NA","NA","NA","NA","NA","NA","NA","NA","0","NA","NA","NA","NA","NA","NA","1","","NA","42","EC_extinction_cued_recall_2"
"pic40.BMP","NA","NA","NA","NA","Bedrohung.png","22","NA","NA","NA","NA","NA","NA","NA","NA","NA","NA","0","NA","NA","NA","NA","NA","NA","1","","NA","42","EC_extinction_cued_recall_2"
"pic40.BMP","NA","NA","NA","NA","Bedrohung.png","22","NA","NA","NA","NA","NA","NA","NA","NA","NA","NA","0","NA","NA","NA","NA","NA","NA","1","","NA","42","EC_extinction_cued_recall_2"
"pic40.BMP","NA","NA","NA","NA","Bedrohung.png","22","NA","NA","NA","NA","NA","NA","NA","NA","NA","NA","0","NA","NA","NA","NA","NA","NA","1","","NA","42","EC_extinction_cued_recall_2"
"pic40.BMP","NA","NA","NA","NA","Bedrohung.png","22","NA","NA","NA","NA","NA","NA","NA","NA","NA","NA","0","NA","NA","NA","NA","NA","NA","1","","NA","42","EC_extinction_cued_recall_2"
"pic40.BMP","NA","NA","NA","NA","Bedrohung.png","22","NA","NA","NA","NA","NA","NA","NA","NA","NA","NA","0","NA","NA","NA","NA","NA","NA","1","","NA","42","EC_extinction_cued_recall_2"
"pic40.BMP","NA","NA","NA","NA","Bedrohung.png","22","NA","NA","NA","NA","NA","NA","NA","NA","NA","NA","0","NA","NA","NA","NA","NA","NA","1","","NA","42","EC_extinction_cued_recall_2"
"pic40.BMP","NA","NA","NA","NA","Bedrohung.png","22","NA","NA","NA","NA","NA","NA","NA","NA","NA","NA","0","NA","NA","NA","NA","NA","NA","1","","NA","42","EC_extinction_cued_recall_2"
"pic40.BMP","NA","NA","NA","NA","Bedrohung.png","22","NA","NA","NA","NA","NA","NA","NA","NA","NA","NA","0","NA","NA","NA","NA","NA","NA","1","","NA","42","EC_extinction_cued_recall_2"
"pic40.BMP","NA","NA","NA","NA","Bedrohung.png","22","NA","NA","NA","NA","NA","NA","NA","NA","NA","NA","0","NA","NA","NA","NA","NA","NA","1","","NA","42","EC_extinction_cued_recall_2"
"pic40.BMP","NA","NA","NA","NA","Bedrohung.png","22","NA","NA","NA","NA","NA","NA","NA","NA","NA","NA","0","NA","NA","NA","NA","NA","NA","1","","NA","42","EC_extinction_cued_recall_2"
"pic40.BMP","NA","NA","NA","NA","Bedrohung.png","22","NA","NA","NA","NA","NA","NA","NA","NA","NA","NA","0","NA","NA","NA","NA","NA","NA","1","","NA","42","EC_extinction_cued_recall_2"
"pic40.BMP","NA","NA","NA","NA","Bedrohung.png","22","NA","NA","NA","NA","NA","NA","NA","NA","NA","NA","0","NA","NA","NA","NA","NA","NA","1","","NA","42","EC_extinction_cued_recall_2"
"pic40.BMP","NA","NA","NA","NA","Bedrohung.png","22","NA","NA","NA","NA","NA","NA","NA","NA","NA","NA","0","NA","NA","NA","NA","NA","NA","1","","NA","42","EC_extinction_cued_recall_2"
"pic40.BMP","NA","NA","NA","NA","Bedrohung.png","22","NA","NA","NA","NA","NA","NA","NA","NA","NA","NA","0","NA","NA","NA","NA","NA","NA","1","","NA","42","EC_extinction_cued_recall_2"
"pic40.BMP","NA","NA","NA","NA","Bedrohung.png","22","NA","NA","NA","NA","NA","NA","NA","NA","NA","NA","0","NA","NA","NA","NA","NA","NA","1","","NA","42","EC_extinction_cued_recall_2"
"pic40.BMP","NA","NA","NA","NA","Bedrohung.png","22","NA","NA","NA","NA","NA","NA","NA","NA","NA","NA","0","NA","NA","NA","NA","NA","NA","1","","NA","42","EC_extinction_cued_recall_2"
"pic40.BMP","NA","NA","NA","NA","Bedrohung.png","22","NA","NA","NA","NA","NA","NA","NA","NA","NA","NA","0","NA","NA","NA","NA","NA","NA","1","","NA","42","EC_extinction_cued_recall_2"
"pic40.BMP","NA","NA","NA","NA","Bedrohung.png","22","NA","NA","NA","NA","NA","NA","NA","NA","NA","NA","0","NA","NA","NA","NA","NA","NA","1","","NA","42","EC_extinction_cued_recall_2"
"pic40.BMP","NA","NA","NA","NA","Bedrohung.png","22","NA","NA","NA","NA","NA","NA","NA","NA","NA","NA","0","NA","NA","NA","NA","NA","NA","1","","NA","42","EC_extinction_cued_recall_2"
"pic40.BMP","NA","NA","NA","NA","Bedrohung.png","22","NA","NA","NA","NA","NA","NA","NA","NA","NA","NA","0","NA","NA","NA","NA","NA","NA","1","","NA","42","EC_extinction_cued_recall_2"
"pic40.BMP","NA","NA","NA","NA","Bedrohung.png","22","NA","NA","NA","NA","NA","NA","NA","NA","NA","NA","0","NA","NA","NA","NA","NA","NA","1","","NA","42","EC_extinction_cued_recall_2"
"pic40.BMP","NA","NA","NA","NA","Bedrohung.png","22","NA","NA","NA","NA","NA","NA","NA","NA","NA","NA","0","NA","NA","NA","NA","NA","NA","1","","NA","42","EC_extinction_cued_recall_2"
"pic40.BMP","NA","NA","NA","NA","Bedrohung.png","22","NA","NA","NA","NA","NA","NA","NA","NA","NA","NA","0","NA","NA","NA","NA","NA","NA","1","","NA","42","EC_extinction_cued_recall_2"
"pic40.BMP","NA","NA","NA","NA","Bedrohung.png","22","NA","NA","NA","NA","NA","NA","NA","NA","NA","NA","0","NA","NA","NA","NA","NA","NA","1","","NA","42","EC_extinction_cued_recall_2"
"pic40.BMP","NA","NA","NA","NA","Bedrohung.png","22","NA","NA","NA","NA","NA","NA","NA","NA","NA","NA","0","NA","NA","NA","NA","NA","NA","1","","NA","42","EC_extinction_cued_recall_2"
"pic40.BMP","NA","NA","NA","NA","Bedrohung.png","22","NA","NA","NA","NA","NA","NA","NA","NA","NA","NA","0","NA","NA","NA","NA","NA","NA","1","","NA","42","EC_extinction_cued_recall_2"
"pic40.BMP","NA","NA","NA","NA","Bedrohung.png","22","NA","NA","NA","NA","NA","NA","NA","NA","NA","NA","0","NA","NA","NA","NA","NA","NA","1","","NA","42","EC_extinction_cued_recall_2"
"pic40.BMP","NA","NA","NA","NA","Bedrohung.png","22","NA","NA","NA","NA","NA","NA","NA","NA","NA","NA","0","NA","NA","NA","NA","NA","NA","1","","NA","42","EC_extinction_cued_recall_2"
"pic40.BMP","NA","NA","NA","NA","Bedrohung.png","22","NA","NA","NA","NA","NA","NA","NA","NA","NA","NA","0","NA","NA","NA","NA","NA","NA","1","","NA","42","EC_extinction_cued_recall_2"
"pic40.BMP","NA","NA","NA","NA","Bedrohung.png","22","NA","NA","NA","NA","NA","NA","NA","NA","NA","NA","0","NA","NA","NA","NA","NA","NA","1","","NA","42","EC_extinction_cued_recall_2"
"pic40.BMP","NA","NA","NA","NA","Bedrohung.png","22","NA","NA","NA","NA","NA","NA","NA","NA","NA","NA","0","NA","NA","NA","NA","NA","NA","1","","NA","42","EC_extinction_cued_recall_2"
"pic40.BMP","NA","NA","NA","NA","Bedrohung.png","22","NA","NA","NA","NA","NA","NA","NA","NA","NA","NA","0","NA","NA","NA","NA","NA","NA","1","","NA","42","EC_extinction_cued_recall_2"
"pic40.BMP","NA","NA","NA","NA","Bedrohung.png","22","NA","NA","NA","NA","NA","NA","NA","NA","NA","NA","0","NA","NA","NA","NA","NA","NA","1","","NA","42","EC_extinction_cued_recall_2"
"pic40.BMP","NA","NA","NA","NA","Bedrohung.png","22","NA","NA","NA","NA","NA","NA","NA","NA","NA","NA","0","NA","NA","NA","NA","NA","NA","1","","NA","42","EC_extinction_cued_recall_2"
"pic40.BMP","NA","NA","NA","NA","Bedrohung.png","22","NA","NA","NA","NA","NA","NA","NA","NA","NA","NA","0","NA","NA","NA","NA","NA","NA","1","","NA","42","EC_extinction_cued_recall_2"
"pic40.BMP","NA","NA","NA","NA","Bedrohung.png","22","NA","NA","NA","NA","NA","NA","NA","NA","NA","NA","0","NA","NA","NA","NA","NA","NA","1","","NA","42","EC_extinction_cued_recall_2"
"pic40.BMP","NA","NA","NA","NA","Bedrohung.png","22","NA","NA","NA","NA","NA","NA","NA","NA","NA","NA","0","NA","NA","NA","NA","NA","NA","1","","NA","42","EC_extinction_cued_recall_2"
"pic40.BMP","NA","NA","NA","NA","Bedrohung.png","22","NA","NA","NA","NA","NA","NA","NA","NA","NA","NA","0","NA","NA","NA","NA","NA","NA","1","","NA","42","EC_extinction_cued_recall_2"
"pic40.BMP","NA","NA","NA","NA","Bedrohung.png","22","NA","NA","NA","NA","NA","NA","NA","NA","NA","NA","0","NA","NA","NA","NA","NA","NA","1","","NA","42","EC_extinction_cued_recall_2"
"pic40.BMP","NA","NA","NA","NA","Bedrohung.png","22","NA","NA","NA","NA","NA","NA","NA","NA","NA","NA","0","NA","NA","NA","NA","NA","NA","1","","NA","42","EC_extinction_cued_recall_2"
"pic40.BMP","NA","NA","NA","NA","Bedrohung.png","22","NA","NA","NA","NA","NA","NA","NA","NA","NA","NA","0","NA","NA","NA","NA","NA","NA","1","","NA","42","EC_extinction_cued_recall_2"
"pic40.BMP","NA","NA","NA","NA","Bedrohung.png","22","NA","NA","NA","NA","NA","NA","NA","NA","NA","NA","0","NA","NA","NA","NA","NA","NA","1","","NA","42","EC_extinction_cued_recall_2"
"pic40.BMP","NA","NA","NA","NA","Bedrohung.png","22","NA","NA","NA","NA","NA","NA","NA","NA","NA","NA","0","NA","NA","NA","NA","NA","NA","1","","NA","42","EC_extinction_cued_recall_2"
"pic40.BMP","NA","NA","NA","NA","Bedrohung.png","22","NA","NA","NA","NA","NA","NA","NA","NA","NA","NA","0","NA","NA","NA","NA","NA","NA","1","","NA","42","EC_extinction_cued_recall_2"
"pic40.BMP","NA","NA","NA","NA","Bedrohung.png","22","NA","NA","NA","NA","NA","NA","NA","NA","NA","NA","0","NA","NA","NA","NA","NA","NA","1","","NA","42","EC_extinction_cued_recall_2"
"pic40.BMP","NA","NA","NA","NA","Bedrohung.png","22","NA","NA","NA","NA","NA","NA","NA","NA","NA","NA","0","NA","NA","NA","NA","NA","NA","1","","NA","42","EC_extinction_cued_recall_2"
"pic40.BMP","NA","NA","NA","NA","Bedrohung.png","22","NA","NA","NA","NA","NA","NA","NA","NA","NA","NA","0","NA","NA","NA","NA","NA","NA","1","","NA","42","EC_extinction_cued_recall_2"
"pic40.BMP","NA","NA","NA","NA","Bedrohung.png","22","NA","NA","NA","NA","NA","NA","NA","NA","NA","NA","0","NA","NA","NA","NA","NA","NA","1","","NA","42","EC_extinction_cued_recall_2"
"pic40.BMP","NA","NA","NA","NA","Bedrohung.png","22","NA","NA","NA","NA","NA","NA","NA","NA","NA","NA","0","NA","NA","NA","NA","NA","NA","1","","NA","42","EC_extinction_cued_recall_2"
"pic40.BMP","NA","NA","NA","NA","Bedrohung.png","22","NA","NA","NA","NA","NA","NA","NA","NA","NA","NA","0","NA","NA","NA","NA","NA","NA","1","","NA","42","EC_extinction_cued_recall_2"
"pic40.BMP","NA","NA","NA","NA","Bedrohung.png","22","NA","NA","NA","NA","NA","NA","NA","NA","NA","NA","0","NA","NA","NA","NA","NA","NA","1","","NA","42","EC_extinction_cued_recall_2"
"pic40.BMP","NA","NA","NA","NA","Bedrohung.png","22","NA","NA","NA","NA","NA","NA","NA","NA","NA","NA","0","NA","NA","NA","NA","NA","NA","1","","NA","42","EC_extinction_cued_recall_2"
"pic40.BMP","NA","NA","NA","NA","Bedrohung.png","22","NA","NA","NA","NA","NA","NA","NA","NA","NA","NA","0","NA","NA","NA","NA","NA","NA","1","","NA","42","EC_extinction_cued_recall_2"
"pic40.BMP","NA","NA","NA","NA","Bedrohung.png","22","NA","NA","NA","NA","NA","NA","NA","NA","NA","NA","0","NA","NA","NA","NA","NA","NA","1","","NA","42","EC_extinction_cued_recall_2"
"pic40.BMP","NA","NA","NA","NA","Bedrohung.png","22","NA","NA","NA","NA","NA","NA","NA","NA","NA","NA","0","NA","NA","NA","NA","NA","NA","1","","NA","42","EC_extinction_cued_recall_2"
"pic40.BMP","NA","NA","NA","NA","Bedrohung.png","22","NA","NA","NA","NA","NA","NA","NA","NA","NA","NA","0","NA","NA","NA","NA","NA","NA","1","","NA","42","EC_extinction_cued_recall_2"
"pic40.BMP","NA","NA","NA","NA","Bedrohung.png","22","NA","NA","NA","NA","NA","NA","NA","NA","NA","NA","0","NA","NA","NA","NA","NA","NA","1","","NA","42","EC_extinction_cued_recall_2"
"pic40.BMP","NA","NA","NA","NA","Bedrohung.png","22","NA","NA","NA","NA","NA","NA","NA","NA","NA","NA","0","NA","NA","NA","NA","NA","NA","1","","NA","42","EC_extinction_cued_recall_2"
"pic40.BMP","NA","NA","NA","NA","Bedrohung.png","22","NA","NA","NA","NA","NA","NA","NA","NA","NA","NA","0","NA","NA","NA","NA","NA","NA","1","","NA","42","EC_extinction_cued_recall_2"
"pic40.BMP","NA","NA","NA","NA","Bedrohung.png","22","NA","NA","NA","NA","NA","NA","NA","NA","NA","NA","0","NA","NA","NA","NA","NA","NA","1","","NA","42","EC_extinction_cued_recall_2"
"pic40.BMP","NA","NA","NA","NA","Bedrohung.png","22","NA","NA","NA","NA","NA","NA","NA","NA","NA","NA","0","NA","NA","NA","NA","NA","NA","1","","NA","42","EC_extinction_cued_recall_2"
"pic40.BMP","NA","NA","NA","NA","Bedrohung.png","22","NA","NA","NA","NA","NA","NA","NA","NA","NA","NA","0","NA","NA","NA","NA","NA","NA","1","","NA","42","EC_extinction_cued_recall_2"
"pic40.BMP","NA","NA","NA","NA","Bedrohung.png","22","NA","NA","NA","NA","NA","NA","NA","NA","NA","NA","0","NA","NA","NA","NA","NA","NA","1","","NA","42","EC_extinction_cued_recall_2"
"pic40.BMP","NA","NA","NA","NA","Bedrohung.png","22","NA","NA","NA","NA","NA","NA","NA","NA","NA","NA","0","NA","NA","NA","NA","NA","NA","1","","NA","42","EC_extinction_cued_recall_2"
"pic40.BMP","NA","NA","NA","NA","Bedrohung.png","22","NA","NA","NA","NA","NA","NA","NA","NA","NA","NA","0","NA","NA","NA","NA","NA","NA","1","","NA","42","EC_extinction_cued_recall_2"
"pic40.BMP","NA","NA","NA","NA","Bedrohung.png","22","NA","NA","NA","NA","NA","NA","NA","NA","NA","NA","0","NA","NA","NA","NA","NA","NA","1","","NA","42","EC_extinction_cued_recall_2"
"pic40.BMP","NA","NA","NA","NA","Bedrohung.png","22","NA","NA","NA","NA","NA","NA","NA","NA","NA","NA","0","NA","NA","NA","NA","NA","NA","1","","NA","42","EC_extinction_cued_recall_2"
"pic40.BMP","pic90.BMP","NA","NA","1","Bedrohung.png","22","NA","NA","NA","NA","0","NA","NA","NA","NA","NA","0","NA","NA","7","NA","NA","NA","1","","NA","42","EC_extinction_cued_recall_2"
"pic40.BMP","pic39.BMP","NA","NA","2","Bedrohung.png","22","NA","NA","NA","NA","0","NA","NA","NA","NA","NA","0","NA","NA","1","NA","NA","NA","1","","NA","42","EC_extinction_cued_recall_2"
"pic40.BMP","pic69_a.bmp","NA","NA","2","Bedrohung.png","22","NA","NA","NA","NA","0","NA","NA","NA","NA","NA","0","NA","NA","4","NA","NA","NA","1","","NA","42","EC_extinction_cued_recall_2"
"pic40.BMP","pic144.BMP","NA","NA","2","Bedrohung.png","22","NA","NA","NA","NA","0","NA","NA","NA","NA","NA","0","NA","NA","2","NA","NA","NA","1","","NA","42","EC_extinction_cued_recall_2"
"pic40.BMP","pic21.BMP","NA","NA","1","Bedrohung.png","22","NA","NA","NA","NA","0","NA","NA","NA","NA","NA","0","NA","NA","9","NA","NA","NA","1","","NA","42","EC_extinction_cued_recall_2"
"pic40.BMP","pic177.BMP","NA","NA","1","Bedrohung.png","22","NA","NA","NA","NA","0","NA","NA","NA","NA","NA","0","NA","NA","5","NA","NA","NA","1","","NA","42","EC_extinction_cued_recall_2"
"pic40.BMP","pic22.BMP","NA","NA","2","Bedrohung.png","22","NA","NA","NA","NA","0","NA","NA","NA","NA","NA","0","NA","NA","2","NA","NA","NA","1","","NA","42","EC_extinction_cued_recall_2"
"pic40.BMP","pic51_a.bmp","NA","NA","1","Bedrohung.png","22","NA","NA","NA","NA","0","NA","NA","NA","NA","NA","0","NA","NA","4","NA","NA","NA","1","","NA","42","EC_extinction_cued_recall_2"
"pic40.BMP","pic188_a.bmp","NA","NA","1","Bedrohung.png","22","NA","NA","NA","NA","0","NA","NA","NA","NA","NA","0","NA","NA","8","NA","NA","NA","1","","NA","42","EC_extinction_cued_recall_2"
"pic40.BMP","pic145.BMP","NA","NA","1","Bedrohung.png","22","NA","NA","NA","NA","0","NA","NA","NA","NA","NA","0","NA","NA","9","NA","NA","NA","1","","NA","42","EC_extinction_cued_recall_2"
"pic40.BMP","pic115.bmp","NA","NA","2","Bedrohung.png","22","NA","NA","NA","NA","0","NA","NA","NA","NA","NA","0","NA","NA","2","NA","NA","NA","1","","NA","42","EC_extinction_cued_recall_2"
"pic40.BMP","pic40.BMP","NA","NA","2","Bedrohung.png","22","NA","NA","NA","NA","0","NA","NA","NA","NA","NA","0","NA","NA","5","NA","NA","NA","1","","NA","42","EC_extinction_cued_recall_2"
"pic40.BMP","pic112.bmp","NA","NA","2","Bedrohung.png","22","NA","NA","NA","NA","0","NA","NA","NA","NA","NA","0","NA","NA","2","NA","NA","NA","1","","NA","42","EC_extinction_cued_recall_2"
"pic40.BMP","pic109.bmp","NA","NA","1","Bedrohung.png","22","NA","NA","NA","NA","0","NA","NA","NA","NA","NA","0","NA","NA","5","NA","NA","NA","1","","NA","42","EC_extinction_cued_recall_2"
"pic40.BMP","pic34_a.bmp","NA","NA","2","Bedrohung.png","22","NA","NA","NA","NA","0","NA","NA","NA","NA","NA","0","NA","NA","1","NA","NA","NA","1","","NA","42","EC_extinction_cued_recall_2"
"pic40.BMP","pic27.BMP","NA","NA","1","Bedrohung.png","22","NA","NA","NA","NA","0","NA","NA","NA","NA","NA","0","NA","NA","9","NA","NA","NA","1","","NA","42","EC_extinction_cued_recall_2"
"pic40.BMP","pic82_a.bmp","NA","NA","2","Bedrohung.png","22","NA","NA","NA","NA","0","NA","NA","NA","NA","NA","0","NA","NA","2","NA","NA","NA","1","","NA","42","EC_extinction_cued_recall_2"
"pic40.BMP","pic104.bmp","NA","NA","1","Bedrohung.png","22","NA","NA","NA","NA","0","NA","NA","NA","NA","NA","0","NA","NA","9","NA","NA","NA","1","","NA","42","EC_extinction_cued_recall_2"
"pic40.BMP","pic93.BMP","NA","NA","2","Bedrohung.png","22","NA","NA","NA","NA","0","NA","NA","NA","NA","NA","0","NA","NA","1","NA","NA","NA","1","","NA","42","EC_extinction_cued_recall_2"
"pic40.BMP","pic58_a.bmp","NA","NA","1","Bedrohung.png","22","NA","NA","NA","NA","0","NA","NA","NA","NA","NA","0","NA","NA","9","NA","NA","NA","1","","NA","42","EC_extinction_cued_recall_2"
"pic40.BMP","pic29.BMP","NA","NA","2","Bedrohung.png","22","NA","NA","NA","NA","0","NA","NA","NA","NA","NA","0","NA","NA","1","NA","NA","NA","1","","NA","42","EC_extinction_cued_recall_2"
"pic40.BMP","pic9.BMP","NA","NA","1","Bedrohung.png","22","NA","NA","NA","NA","0","NA","NA","NA","NA","NA","0","NA","NA","9","NA","NA","NA","1","","NA","42","EC_extinction_cued_recall_2"
"pic40.BMP","pic147.BMP","NA","NA","2","Bedrohung.png","22","NA","NA","NA","NA","0","NA","NA","NA","NA","NA","0","NA","NA","1","NA","NA","NA","1","","NA","42","EC_extinction_cued_recall_2"
"pic40.BMP","pic13.BMP","NA","NA","1","Bedrohung.png","22","NA","NA","NA","NA","0","NA","NA","NA","NA","NA","0","NA","NA","9","NA","NA","NA","1","","NA","42","EC_extinction_cued_recall_2"
"pic40.BMP","pic13.BMP","pic69_a.bmp","NA","1","Bedrohung.png","22","NA","NA","0","NA","0","0","NA","NA","Zerstörung.png","ZERSTöRUNG.PNG","0","NA","NA","9","","NA","NA","1","","NA","42","EC_extinction_cued_recall_2"
"pic40.BMP","pic13.BMP","pic27.BMP","NA","1","Bedrohung.png","22","NA","NA","0","NA","0","0","NA","NA","Gesundheit_skaliert.png","GESUNDHEIT","0","NA","NA","9","HEITERKEIT","NA","NA","1","","NA","42","EC_extinction_cued_recall_2"
"pic40.BMP","pic13.BMP","pic177.BMP","NA","1","Bedrohung.png","22","NA","NA","0","NA","0","0","NA","NA","ANERKENNUNG.png","ANERKENNUNG.PNG","0","NA","NA","9","","NA","NA","1","","NA","42","EC_extinction_cued_recall_2"
"pic40.BMP","pic13.BMP","pic22.BMP","NA","1","Bedrohung.png","22","NA","NA","0","NA","0","0","NA","NA","Fieberwahn.png","FIEBERWAHN.PNG","0","NA","NA","9","","NA","NA","1","","NA","42","EC_extinction_cued_recall_2"
"pic40.BMP","pic13.BMP","pic188_a.bmp","NA","1","Bedrohung.png","22","NA","NA","0","NA","0","0","NA","NA","Verständnis_skaliert.png","VERSTäNDNIS","0","NA","NA","9","VERSTAENDNIS","NA","NA","1","","NA","42","EC_extinction_cued_recall_2"
"pic40.BMP","pic13.BMP","pic21.BMP","NA","1","Bedrohung.png","22","NA","NA","0","NA","0","0","NA","NA","Blumenstrauß_skaliert.png","BLUMENSTRAUß","0","NA","NA","9","BLUMENSTRAUSS","NA","NA","1","","NA","42","EC_extinction_cued_recall_2"
"pic40.BMP","pic13.BMP","pic145.BMP","NA","1","Bedrohung.png","22","NA","NA","1","NA","0","0","NA","NA","Heiterkeit_skaliert.png","HEITERKEIT","0","NA","NA","9","HEITERKEIT","NA","NA","1","","NA","42","EC_extinction_cued_recall_2"
"pic40.BMP","pic13.BMP","pic93.BMP","NA","1","Bedrohung.png","22","NA","NA","0","NA","0","0","NA","NA","Todeskampf.png","TODESKAMPF.PNG","0","NA","NA","9","TODESKAMPF","NA","NA","1","","NA","42","EC_extinction_cued_recall_2"
"pic40.BMP","pic13.BMP","pic39.BMP","NA","1","Bedrohung.png","22","NA","NA","0","NA","0","0","NA","NA","Ausrottung.png","AUSROTTUNG.PNG","0","NA","NA","9","AUSTROCKNUNG","NA","NA","1","","NA","42","EC_extinction_cued_recall_2"
"pic40.BMP","pic13.BMP","pic9.BMP","NA","1","Bedrohung.png","22","NA","NA","1","NA","0","0","NA","NA","Vertrauen_skaliert.png","VERTRAUEN","0","NA","NA","9","VERTRAUEN","NA","NA","1","","NA","42","EC_extinction_cued_recall_2"
"pic40.BMP","pic13.BMP","pic34_a.bmp","NA","1","Bedrohung.png","22","NA","NA","0","NA","0","0","NA","NA","Brutalität.png","BRUTALITäT.PNG","0","NA","NA","9","","NA","NA","1","","NA","42","EC_extinction_cued_recall_2"
"pic40.BMP","pic13.BMP","pic115.bmp","NA","1","Bedrohung.png","22","NA","NA","0","NA","0","0","NA","NA","Anmaßung.png","ANMAßUNG.PNG","0","NA","NA","9","","NA","NA","1","","NA","42","EC_extinction_cued_recall_2"
"pic40.BMP","pic13.BMP","pic109.bmp","NA","1","Bedrohung.png","22","NA","NA","0","NA","0","0","NA","NA","BEGEISTERUNG.png","BEGEISTERUNG.PNG","0","NA","NA","9","","NA","NA","1","","NA","42","EC_extinction_cued_recall_2"
"pic40.BMP","pic13.BMP","pic29.BMP","NA","1","Bedrohung.png","22","NA","NA","0","NA","0","0","NA","NA","Gefängnis.png","GEFäNGNIS.PNG","0","NA","NA","9","GEFAENGNIS","NA","NA","1","","NA","42","EC_extinction_cued_recall_2"
"pic40.BMP","pic13.BMP","pic90.BMP","NA","1","Bedrohung.png","22","NA","NA","0","NA","0","0","NA","NA","Herzlichkeit_skaliert.png","HERZLICHKEIT","0","NA","NA","9","VERTRAUEN","NA","NA","1","","NA","42","EC_extinction_cued_recall_2"
"pic40.BMP","pic13.BMP","pic112.bmp","NA","1","Bedrohung.png","22","NA","NA","0","NA","0","0","NA","NA","Beleidigung.png","BELEIDIGUNG.PNG","0","NA","NA","9","BEDROHUNG","NA","NA","1","","NA","42","EC_extinction_cued_recall_2"
"pic40.BMP","pic13.BMP","pic104.bmp","NA","1","Bedrohung.png","22","NA","NA","0","NA","0","0","NA","NA","Freundlichkeit_skaliert.png","FREUNDLICHKEIT","0","NA","NA","9","FROEHLICHKEIT","NA","NA","1","","NA","42","EC_extinction_cued_recall_2"
"pic40.BMP","pic13.BMP","pic40.BMP","NA","1","Bedrohung.png","22","NA","NA","0","NA","0","0","NA","NA","Bedrohung.png","BEDROHUNG.PNG","0","NA","NA","9","","NA","NA","1","","NA","42","EC_extinction_cued_recall_2"
"pic40.BMP","pic13.BMP","pic58_a.bmp","NA","1","Bedrohung.png","22","NA","NA","1","NA","0","0","NA","NA","Schmetterling_skaliert.png","SCHMETTERLING","0","NA","NA","9","SCHMETTERLING","NA","NA","1","","NA","42","EC_extinction_cued_recall_2"
"pic40.BMP","pic13.BMP","pic144.BMP","NA","1","Bedrohung.png","22","NA","NA","0","NA","0","0","NA","NA","Gehässigkeit.png","GEHäSSIGKEIT.PNG","0","NA","NA","9","","NA","NA","1","","NA","42","EC_extinction_cued_recall_2"
"pic40.BMP","pic13.BMP","pic82_a.bmp","NA","1","Bedrohung.png","22","NA","NA","0","NA","0","0","NA","NA","Druckmittel.png","DRUCKMITTEL.PNG","0","NA","NA","9","BEDROHUNG","NA","NA","1","","NA","42","EC_extinction_cued_recall_2"
"pic40.BMP","pic13.BMP","pic51_a.bmp","NA","1","Bedrohung.png","22","NA","NA","0","NA","0","0","NA","NA","Phantasie_skaliert.png","PHANTASIE","0","NA","NA","9","","NA","NA","1","","NA","42","EC_extinction_cued_recall_2"
"pic40.BMP","pic13.BMP","pic147.BMP","NA","1","Bedrohung.png","22","NA","NA","0","NA","0","0","NA","NA","Verbrechen.png","VERBRECHEN.PNG","0","NA","NA","9","VERBRECHEN","NA","NA","1","","NA","42","EC_extinction_cued_recall_2"
"pic40.BMP","pic13.BMP","pic13.BMP","NA","1","Bedrohung.png","22","NA","NA","0","NA","0","0","NA","NA","Fröhlichkeit_skaliert.png","FRöHLICHKEIT","0","NA","NA","9","FROEHLICHKEIT","NA","NA","1","","NA","42","EC_extinction_cued_recall_2"
"pic40.BMP","pic13.BMP","pic13.BMP","pic188_a.bmp","1","Bedrohung.png","22","Verständnis_skaliert.png","NA","0","1","0","0","0","NA","Fröhlichkeit_skaliert.png","FRöHLICHKEIT","0","NA","NA","9","FROEHLICHKEIT","Verständnis_skaliert.png","NA","1","","NA","42","EC_extinction_cued_recall_2"
"pic40.BMP","pic13.BMP","pic13.BMP","pic9.BMP","1","Bedrohung.png","22","Vertrauen_skaliert.png","NA","0","1","0","0","0","NA","Fröhlichkeit_skaliert.png","FRöHLICHKEIT","0","NA","NA","9","FROEHLICHKEIT","Vertrauen_skaliert.png","NA","1","","NA","42","EC_extinction_cued_recall_2"
"pic40.BMP","pic13.BMP","pic13.BMP","pic144.BMP","1","Bedrohung.png","22","Gehässigkeit.png","NA","0","0","0","0","0","NA","Fröhlichkeit_skaliert.png","FRöHLICHKEIT","0","NA","NA","9","FROEHLICHKEIT","Anmaßung.png","NA","1","","NA","42","EC_extinction_cued_recall_2"
"pic40.BMP","pic13.BMP","pic13.BMP","pic34_a.bmp","1","Bedrohung.png","22","Brutalität.png","NA","0","1","0","0","0","NA","Fröhlichkeit_skaliert.png","FRöHLICHKEIT","0","NA","NA","9","FROEHLICHKEIT","Brutalität.png","NA","1","","NA","42","EC_extinction_cued_recall_2"
"pic40.BMP","pic13.BMP","pic13.BMP","pic58_a.bmp","1","Bedrohung.png","22","Schmetterling_skaliert.png","NA","0","1","0","0","0","NA","Fröhlichkeit_skaliert.png","FRöHLICHKEIT","0","NA","NA","9","FROEHLICHKEIT","Schmetterling_skaliert.png","NA","1","","NA","42","EC_extinction_cued_recall_2"
"pic40.BMP","pic13.BMP","pic13.BMP","pic69_a.bmp","1","Bedrohung.png","22","Zerstörung.png","NA","0","0","0","0","0","NA","Fröhlichkeit_skaliert.png","FRöHLICHKEIT","0","NA","NA","9","FROEHLICHKEIT","Verständnis_skaliert.png","NA","1","","NA","42","EC_extinction_cued_recall_2"
"pic40.BMP","pic13.BMP","pic13.BMP","pic29.BMP","1","Bedrohung.png","22","Gefängnis.png","NA","0","1","0","0","0","NA","Fröhlichkeit_skaliert.png","FRöHLICHKEIT","0","NA","NA","9","FROEHLICHKEIT","Gefängnis.png","NA","1","","NA","42","EC_extinction_cued_recall_2"
"pic40.BMP","pic13.BMP","pic13.BMP","pic39.BMP","1","Bedrohung.png","22","Ausrottung.png","NA","0","1","0","0","0","NA","Fröhlichkeit_skaliert.png","FRöHLICHKEIT","0","NA","NA","9","FROEHLICHKEIT","Ausrottung.png","NA","1","","NA","42","EC_extinction_cued_recall_2"
"pic40.BMP","pic13.BMP","pic13.BMP","pic82_a.bmp","1","Bedrohung.png","22","Druckmittel.png","NA","0","0","0","0","0","NA","Fröhlichkeit_skaliert.png","FRöHLICHKEIT","0","NA","NA","9","FROEHLICHKEIT","Bedrohung.png","NA","1","","NA","42","EC_extinction_cued_recall_2"
"pic40.BMP","pic13.BMP","pic13.BMP","pic22.BMP","1","Bedrohung.png","22","Fieberwahn.png","NA","0","0","0","0","0","NA","Fröhlichkeit_skaliert.png","FRöHLICHKEIT","0","NA","NA","9","FROEHLICHKEIT","Anmaßung.png","NA","1","","NA","42","EC_extinction_cued_recall_2"
"pic40.BMP","pic13.BMP","pic13.BMP","pic51_a.bmp","1","Bedrohung.png","22","Phantasie_skaliert.png","NA","0","0","0","0","0","NA","Fröhlichkeit_skaliert.png","FRöHLICHKEIT","0","NA","NA","9","FROEHLICHKEIT","Vertrauen_skaliert.png","NA","1","","NA","42","EC_extinction_cued_recall_2"
"pic40.BMP","pic13.BMP","pic13.BMP","pic90.BMP","1","Bedrohung.png","22","Herzlichkeit_skaliert.png","NA","0","0","0","0","0","NA","Fröhlichkeit_skaliert.png","FRöHLICHKEIT","0","NA","NA","9","FROEHLICHKEIT","Freundlichkeit_skaliert.png","NA","1","","NA","42","EC_extinction_cued_recall_2"
"pic40.BMP","pic13.BMP","pic13.BMP","pic27.BMP","1","Bedrohung.png","22","Gesundheit_skaliert.png","NA","0","0","0","0","0","NA","Fröhlichkeit_skaliert.png","FRöHLICHKEIT","0","NA","NA","9","FROEHLICHKEIT","Heiterkeit_skaliert.png","NA","1","","NA","42","EC_extinction_cued_recall_2"
"pic40.BMP","pic13.BMP","pic13.BMP","pic21.BMP","1","Bedrohung.png","22","Blumenstrauß_skaliert.png","NA","0","1","0","0","0","NA","Fröhlichkeit_skaliert.png","FRöHLICHKEIT","0","NA","NA","9","FROEHLICHKEIT","Blumenstrauß_skaliert.png","NA","1","","NA","42","EC_extinction_cued_recall_2"
"pic40.BMP","pic13.BMP","pic13.BMP","pic145.BMP","1","Bedrohung.png","22","Heiterkeit_skaliert.png","NA","0","0","0","0","0","NA","Fröhlichkeit_skaliert.png","FRöHLICHKEIT","0","NA","NA","9","FROEHLICHKEIT","Fröhlichkeit_skaliert.png","NA","1","","NA","42","EC_extinction_cued_recall_2"
"pic40.BMP","pic13.BMP","pic13.BMP","pic104.bmp","1","Bedrohung.png","22","Freundlichkeit_skaliert.png","NA","0","0","0","0","0","NA","Fröhlichkeit_skaliert.png","FRöHLICHKEIT","0","NA","NA","9","FROEHLICHKEIT","Fröhlichkeit_skaliert.png","NA","1","","NA","42","EC_extinction_cued_recall_2"
"pic40.BMP","pic13.BMP","pic13.BMP","pic93.BMP","1","Bedrohung.png","22","Todeskampf.png","NA","0","1","0","0","0","NA","Fröhlichkeit_skaliert.png","FRöHLICHKEIT","0","NA","NA","9","FROEHLICHKEIT","Todeskampf.png","NA","1","","NA","42","EC_extinction_cued_recall_2"
"pic40.BMP","pic13.BMP","pic13.BMP","pic177.BMP","1","Bedrohung.png","22","ANERKENNUNG.png","NA","0","1","0","0","0","NA","Fröhlichkeit_skaliert.png","FRöHLICHKEIT","0","NA","NA","9","FROEHLICHKEIT","ANERKENNUNG.png","NA","1","","NA","42","EC_extinction_cued_recall_2"
"pic40.BMP","pic13.BMP","pic13.BMP","pic147.BMP","1","Bedrohung.png","22","Verbrechen.png","NA","0","1","0","0","0","NA","Fröhlichkeit_skaliert.png","FRöHLICHKEIT","0","NA","NA","9","FROEHLICHKEIT","Verbrechen.png","NA","1","","NA","42","EC_extinction_cued_recall_2"
"pic40.BMP","pic13.BMP","pic13.BMP","pic109.bmp","1","Bedrohung.png","22","BEGEISTERUNG.png","NA","0","0","0","0","0","NA","Fröhlichkeit_skaliert.png","FRöHLICHKEIT","0","NA","NA","9","FROEHLICHKEIT","Vertrauen_skaliert.png","NA","1","","NA","42","EC_extinction_cued_recall_2"
"pic40.BMP","pic13.BMP","pic13.BMP","pic40.BMP","1","Bedrohung.png","22","Bedrohung.png","NA","0","0","0","0","0","NA","Fröhlichkeit_skaliert.png","FRöHLICHKEIT","0","NA","NA","9","FROEHLICHKEIT","Phantasie_skaliert.png","NA","1","","NA","42","EC_extinction_cued_recall_2"
"pic40.BMP","pic13.BMP","pic13.BMP","pic112.bmp","1","Bedrohung.png","22","Beleidigung.png","NA","0","0","0","0","0","NA","Fröhlichkeit_skaliert.png","FRöHLICHKEIT","0","NA","NA","9","FROEHLICHKEIT","Bedrohung.png","NA","1","","NA","42","EC_extinction_cued_recall_2"
"pic40.BMP","pic13.BMP","pic13.BMP","pic115.bmp","1","Bedrohung.png","22","Anmaßung.png","NA","0","0","0","0","0","NA","Fröhlichkeit_skaliert.png","FRöHLICHKEIT","0","NA","NA","9","FROEHLICHKEIT","Druckmittel.png","NA","1","","NA","42","EC_extinction_cued_recall_2"
"pic40.BMP","pic13.BMP","pic13.BMP","pic13.BMP","1","Bedrohung.png","22","Fröhlichkeit_skaliert.png","NA","0","0","0","0","0","NA","Fröhlichkeit_skaliert.png","FRöHLICHKEIT","0","NA","NA","9","FROEHLICHKEIT","Freundlichkeit_skaliert.png","NA","1","","NA","42","EC_extinction_cued_recall_2"
"pic40.BMP","pic13.BMP","pic13.BMP","pic13.BMP","1","Bedrohung.png","22","Fröhlichkeit_skaliert.png","NA","0","0","0","0","0","NA","Fröhlichkeit_skaliert.png","FRöHLICHKEIT","0","1","NA","9","FROEHLICHKEIT","Freundlichkeit_skaliert.png","1","1","Ich habe versucht die passenden Wörter zu den Zeichen im Kopf mitzusprechen, die Zeichen weiterhin mit den Wörtern zu verbinden","NA","42","EC_extinction_cued_recall_2"
