"","ParticipantNumber","likingRating","likingRT","CurrentTarget","SoundOfStimulus","Valence","Function","computerName","timeStamp","Position","N_pres","spacesum","stim","spacesumnext"
"1","10","43","6.546","Unoolup","./sounds/cs/ratingcs/lup_18.wav","0","cs1","labor8","2015-03-05_16.37.30.685000","l","10",0,"lup_18.wav",0
"2","10","43","3.329","Issanif","./sounds/cs/ratingcs/nif_9.wav","0","cs3","labor8","2015-03-05_16.37.30.685000","l","10",0,"nif_9.wav",0
"3","10","44","3.156","Tesoolup","./sounds/cs/ratingcs/lup_13.wav","0","cs1","labor8","2015-03-05_16.37.30.685000","l","10",0,"lup_13.wav",0
"4","10","42","2.391","Renetol","./sounds/cs/ratingcs/tol_5.wav","1","target","labor8","2015-03-05_16.37.30.685000","r","5",0,"tol_5.wav",5
"5","10","41","3.127","Mofotol","./sounds/cs/ratingcs/tol_11.wav","-1","cs2","labor8","2015-03-05_16.37.30.685000","l","10",0,"tol_11.wav",0
"6","10","42","2.37","Mateelup","./sounds/cs/ratingcs/lup_9.wav","0","cs1","labor8","2015-03-05_16.37.30.685000","l","10",0,"lup_9.wav",0
"7","10","42","2.916","Rustutol","./sounds/cs/ratingcs/tol_15.wav","1","cs2","labor8","2015-03-05_16.37.30.685000","l","10",0,"tol_15.wav",0
"8","10","41","2.233","Nanatol","./sounds/cs/ratingcs/tol_3.wav","1","cs2","labor8","2015-03-05_16.37.30.685000","l","10",0,"tol_3.wav",0
"9","10","37","3.484","Saartelup","./sounds/cs/ratingcs/lup_10.wav","0","cs1","labor8","2015-03-05_16.37.30.685000","l","10",0,"lup_10.wav",0
"10","10","32","2.862","Befetol","./sounds/cs/ratingcs/tol_14.wav","-1","cs2","labor8","2015-03-05_16.37.30.685000","l","10",0,"tol_14.wav",0
"11","10","38","2.673","Cocotol","./sounds/cs/ratingcs/tol_10.wav","1","cs2","labor8","2015-03-05_16.37.30.685000","l","10",0,"tol_10.wav",0
"12","10","38","2.628","Kennunif","./sounds/cs/ratingcs/nif_5.wav","0","cs3","labor8","2015-03-05_16.37.30.685000","l","10",0,"nif_5.wav",0
"13","10","37","2.154","Kullonif","./sounds/cs/ratingcs/nif_17.wav","0","cs3","labor8","2015-03-05_16.37.30.685000","l","10",0,"nif_17.wav",0
"14","10","37","2.03","Dilitol","./sounds/cs/ratingcs/tol_8.wav","-1","cs2","labor8","2015-03-05_16.37.30.685000","l","10",0,"tol_8.wav",0
"15","10","39","2.124","Reretol","./sounds/cs/ratingcs/tol_2.wav","1","target","labor8","2015-03-05_16.37.30.685000","r","5",0,"tol_2.wav",5
"16","10","38","4.551","Nenetol","./sounds/cs/ratingcs/tol_19.wav","1","target","labor8","2015-03-05_16.37.30.685000","r","5",0,"tol_19.wav",5
"17","10","38","2.325","Dimmanif","./sounds/cs/ratingcs/nif_11.wav","0","cs3","labor8","2015-03-05_16.37.30.685000","l","10",0,"nif_11.wav",0
"18","10","39","2.098","Eskannif","./sounds/cs/ratingcs/nif_2.wav","0","cs3","labor8","2015-03-05_16.37.30.685000","l","10",0,"nif_2.wav",0
"19","10","38","1.805","Baakelup","./sounds/cs/ratingcs/lup_20.wav","0","cs1","labor8","2015-03-05_16.37.30.685000","l","10",0,"lup_20.wav",0
"20","10","38","1.818","Jessunif","./sounds/cs/ratingcs/nif_19.wav","0","cs3","labor8","2015-03-05_16.37.30.685000","l","10",0,"nif_19.wav",0
"21","10","28","3.532","Spanatol","./sounds/cs/ratingcs/tol_16.wav","1","cs2","labor8","2015-03-05_16.37.30.685000","l","10",0,"tol_16.wav",0
"22","10","37","2.549","Missonif","./sounds/cs/ratingcs/nif_10.wav","0","cs3","labor8","2015-03-05_16.37.30.685000","l","10",0,"nif_10.wav",0
"23","10","38","2.315","Daanalup","./sounds/cs/ratingcs/lup_12.wav","0","cs1","labor8","2015-03-05_16.37.30.685000","l","10",0,"lup_12.wav",0
"24","10","39","3.131","Hulutol","./sounds/cs/ratingcs/tol_20.wav","-1","target","labor8","2015-03-05_16.37.30.685000","r","5",0,"tol_20.wav",5
"25","10","37","2.306","Falatol","./sounds/cs/ratingcs/tol_4.wav","-1","target","labor8","2015-03-05_16.37.30.685000","r","5",0,"tol_4.wav",5
"26","10","38","1.868","Toleelup","./sounds/cs/ratingcs/lup_5.wav","0","cs1","labor8","2015-03-05_16.37.30.685000","l","10",0,"lup_5.wav",0
"27","10","38","2.064","Waneelup","./sounds/cs/ratingcs/lup_6.wav","0","cs1","labor8","2015-03-05_16.37.30.685000","l","10",0,"lup_6.wav",0
"28","10","38","2.51","Lalatol","./sounds/cs/ratingcs/tol_1.wav","-1","cs2","labor8","2015-03-05_16.37.30.685000","l","10",0,"tol_1.wav",0
"29","10","38","2.404","Deretol","./sounds/cs/ratingcs/tol_12.wav","-1","cs2","labor8","2015-03-05_16.37.30.685000","l","10",0,"tol_12.wav",0
"30","10","39","1.726","Bollanif","./sounds/cs/ratingcs/nif_8.wav","0","cs3","labor8","2015-03-05_16.37.30.685000","l","10",0,"nif_8.wav",0
"31","10","38","2.313","Omeelup","./sounds/cs/ratingcs/lup_3.wav","0","cs1","labor8","2015-03-05_16.37.30.685000","l","10",0,"lup_3.wav",0
"32","10","38","2.056","Maasolup","./sounds/cs/ratingcs/lup_1.wav","0","cs1","labor8","2015-03-05_16.37.30.685000","l","10",0,"lup_1.wav",0
"33","10","38","2.184","Kattanif","./sounds/cs/ratingcs/nif_13.wav","0","cs3","labor8","2015-03-05_16.37.30.685000","l","10",0,"nif_13.wav",0
"34","10","38","2.752","Piditol","./sounds/cs/ratingcs/tol_13.wav","1","cs2","labor8","2015-03-05_16.37.30.685000","l","10",0,"tol_13.wav",0
"35","10","38","2.945","Nomotol","./sounds/cs/ratingcs/tol_7.wav","-1","target","labor8","2015-03-05_16.37.30.685000","r","5",1,"tol_7.wav",4
"36","10","38","2.264","Cellanif","./sounds/cs/ratingcs/nif_1.wav","0","cs3","labor8","2015-03-05_16.37.30.685000","l","10",0,"nif_1.wav",0
"37","11","58","9.666","Eskannif","./sounds/cs/ratingcs/nif_2.wav","0","cs1","labor5","2015-03-09_10.17.00.265000","l","10",0,"nif_2.wav",0
"38","11","48","6.432","Kaneelup","./sounds/cs/ratingcs/lup_7.wav","0","cs3","labor5","2015-03-09_10.17.00.265000","l","10",9,"lup_7.wav",0
"39","11","65","4.982","Spanatol","./sounds/cs/ratingcs/tol_16.wav","-1","cs2","labor5","2015-03-09_10.17.00.265000","l","10",0,"tol_16.wav",5
"40","11","45","3.242","Dakatol","./sounds/cs/ratingcs/tol_6.wav","1","cs2","labor5","2015-03-09_10.17.00.265000","l","10",0,"tol_6.wav",2
"41","11","46","4.001","Koleelup","./sounds/cs/ratingcs/lup_16.wav","0","cs3","labor5","2015-03-09_10.17.00.265000","l","10",5,"lup_16.wav",0
"42","11","52","3.209","Nomotol","./sounds/cs/ratingcs/tol_7.wav","-1","target","labor5","2015-03-09_10.17.00.265000","r","5",0,"tol_7.wav",5
"43","11","60","3.26","Lalatol","./sounds/cs/ratingcs/tol_1.wav","1","cs2","labor5","2015-03-09_10.17.00.265000","l","10",0,"tol_1.wav",6
"44","11","59","5.939","Istennif","./sounds/cs/ratingcs/nif_20.wav","0","cs1","labor5","2015-03-09_10.17.00.265000","l","10",0,"nif_20.wav",0
"45","11","55","3.272","Mofotol","./sounds/cs/ratingcs/tol_11.wav","-1","target","labor5","2015-03-09_10.17.00.265000","r","5",0,"tol_11.wav",4
"46","11","35","3.571","Dimmanif","./sounds/cs/ratingcs/nif_11.wav","0","cs1","labor5","2015-03-09_10.17.00.265000","l","10",0,"nif_11.wav",0
"47","11","71","2.874","Toleelup","./sounds/cs/ratingcs/lup_5.wav","0","cs3","labor5","2015-03-09_10.17.00.265000","l","10",2,"lup_5.wav",0
"48","11","41","1.957","Falatol","./sounds/cs/ratingcs/tol_4.wav","-1","cs2","labor5","2015-03-09_10.17.00.265000","l","10",0,"tol_4.wav",3
"49","11","48","2.507","Allanif","./sounds/cs/ratingcs/nif_7.wav","0","cs1","labor5","2015-03-09_10.17.00.265000","l","10",0,"nif_7.wav",0
"50","11","42","1.97","Cellanif","./sounds/cs/ratingcs/nif_1.wav","0","cs1","labor5","2015-03-09_10.17.00.265000","l","10",0,"nif_1.wav",0
"51","11","49","3.003","Deretol","./sounds/cs/ratingcs/tol_12.wav","-1","cs2","labor5","2015-03-09_10.17.00.265000","l","10",0,"tol_12.wav",5
"52","11","79","3.363","Saartelup","./sounds/cs/ratingcs/lup_10.wav","0","cs3","labor5","2015-03-09_10.17.00.265000","l","10",5,"lup_10.wav",0
"53","11","48","2.033","Nanatol","./sounds/cs/ratingcs/tol_3.wav","1","cs2","labor5","2015-03-09_10.17.00.265000","l","10",0,"tol_3.wav",4
"54","11","47","3.133","Kattanif","./sounds/cs/ratingcs/nif_13.wav","0","cs1","labor5","2015-03-09_10.17.00.265000","l","10",0,"nif_13.wav",0
"55","11","57","4.902","Daanalup","./sounds/cs/ratingcs/lup_12.wav","0","cs3","labor5","2015-03-09_10.17.00.265000","l","10",4,"lup_12.wav",0
"56","11","57","1.923","Zallunif","./sounds/cs/ratingcs/nif_4.wav","0","cs1","labor5","2015-03-09_10.17.00.265000","l","10",0,"nif_4.wav",0
"57","11","50","1.398","Sesetol","./sounds/cs/ratingcs/tol_9.wav","-1","target","labor5","2015-03-09_10.17.00.265000","r","5",0,"tol_9.wav",3
"58","11","65","2.39","Baakelup","./sounds/cs/ratingcs/lup_20.wav","0","cs3","labor5","2015-03-09_10.17.00.265000","l","10",4,"lup_20.wav",0
"59","11","64","1.918","Neenolup","./sounds/cs/ratingcs/lup_2.wav","0","cs3","labor5","2015-03-09_10.17.00.265000","l","10",6,"lup_2.wav",0
"60","11","41","2.329","Cocotol","./sounds/cs/ratingcs/tol_10.wav","1","cs2","labor5","2015-03-09_10.17.00.265000","l","10",0,"tol_10.wav",4
"61","11","54","2.048","Renetol","./sounds/cs/ratingcs/tol_5.wav","1","target","labor5","2015-03-09_10.17.00.265000","r","5",1,"tol_5.wav",3
"62","11","56","1.916","Dattonif","./sounds/cs/ratingcs/nif_12.wav","0","cs1","labor5","2015-03-09_10.17.00.265000","l","10",0,"nif_12.wav",0
"63","11","51","1.75","Piditol","./sounds/cs/ratingcs/tol_13.wav","-1","cs2","labor5","2015-03-09_10.17.00.265000","l","10",0,"tol_13.wav",9
"64","11","53","1.785","Dilitol","./sounds/cs/ratingcs/tol_8.wav","1","cs2","labor5","2015-03-09_10.17.00.265000","l","10",0,"tol_8.wav",4
"65","11","54","1.738","Zackatol","./sounds/cs/ratingcs/tol_17.wav","-1","cs2","labor5","2015-03-09_10.17.00.265000","l","10",0,"tol_17.wav",4
"66","11","57","1.835","Jessunif","./sounds/cs/ratingcs/nif_19.wav","0","cs1","labor5","2015-03-09_10.17.00.265000","l","10",0,"nif_19.wav",0
"67","11","61","1.442","Rustutol","./sounds/cs/ratingcs/tol_15.wav","1","target","labor5","2015-03-09_10.17.00.265000","r","5",0,"tol_15.wav",4
"68","11","70","2.317","Moteelup","./sounds/cs/ratingcs/lup_19.wav","0","cs3","labor5","2015-03-09_10.17.00.265000","l","10",4,"lup_19.wav",0
"69","11","66","2.173","Tesoolup","./sounds/cs/ratingcs/lup_13.wav","0","cs3","labor5","2015-03-09_10.17.00.265000","l","10",3,"lup_13.wav",1
"70","11","55","3.554","Dullanif","./sounds/cs/ratingcs/nif_14.wav","0","cs1","labor5","2015-03-09_10.17.00.265000","l","10",1,"nif_14.wav",0
"71","11","38","5.945","Mateelup","./sounds/cs/ratingcs/lup_9.wav","0","cs3","labor5","2015-03-09_10.17.00.265000","l","10",4,"lup_9.wav",0
"72","11","55","55.438","Befetol","./sounds/cs/ratingcs/tol_14.wav","1","target","labor5","2015-03-09_10.17.00.265000","r","5",0,"tol_14.wav",5
"73","12","10","5.646","Piditol","./sounds/cs/ratingcs/tol_13.wav","0","cs1","labor5","2015-03-09_15.57.43.324000","l","10",0,"tol_13.wav",0
"74","12","41","2.961","Dimmanif","./sounds/cs/ratingcs/nif_11.wav","-1","cs2","labor5","2015-03-09_15.57.43.324000","l","10",0,"nif_11.wav",0
"75","12","40","2.368","Istennif","./sounds/cs/ratingcs/nif_20.wav","1","cs2","labor5","2015-03-09_15.57.43.324000","l","10",0,"nif_20.wav",0
"76","12","19","3.006","Nomotol","./sounds/cs/ratingcs/tol_7.wav","0","cs1","labor5","2015-03-09_15.57.43.324000","l","10",0,"tol_7.wav",0
"77","12","32","3.229","Kissunif","./sounds/cs/ratingcs/nif_16.wav","-1","target","labor5","2015-03-09_15.57.43.324000","r","5",0,"nif_16.wav",5
"78","12","20","5.713","Zallunif","./sounds/cs/ratingcs/nif_4.wav","-1","target","labor5","2015-03-09_15.57.43.324000","r","5",0,"nif_4.wav",5
"79","12","57","3.632","Bollanif","./sounds/cs/ratingcs/nif_8.wav","-1","cs2","labor5","2015-03-09_15.57.43.324000","l","10",0,"nif_8.wav",0
"80","12","0","3.455","Dattonif","./sounds/cs/ratingcs/nif_12.wav","-1","cs2","labor5","2015-03-09_15.57.43.324000","l","10",0,"nif_12.wav",0
"81","12","51","2.754","Saartelup","./sounds/cs/ratingcs/lup_10.wav","0","cs3","labor5","2015-03-09_15.57.43.324000","l","10",0,"lup_10.wav",0
"82","12","31","3.146","Kullonif","./sounds/cs/ratingcs/nif_17.wav","1","cs2","labor5","2015-03-09_15.57.43.324000","l","10",0,"nif_17.wav",0
"83","12","31","3.333","Siritol","./sounds/cs/ratingcs/tol_18.wav","0","cs1","labor5","2015-03-09_15.57.43.324000","l","10",0,"tol_18.wav",0
"84","12","10","2.676","Kaneelup","./sounds/cs/ratingcs/lup_7.wav","0","cs3","labor5","2015-03-09_15.57.43.324000","l","10",0,"lup_7.wav",0
"85","12","29","2.66","Dullanif","./sounds/cs/ratingcs/nif_14.wav","1","cs2","labor5","2015-03-09_15.57.43.324000","l","10",0,"nif_14.wav",0
"86","12","50","2.536","Missonif","./sounds/cs/ratingcs/nif_10.wav","1","target","labor5","2015-03-09_15.57.43.324000","r","5",0,"nif_10.wav",4
"87","12","39","2.93","Nanatol","./sounds/cs/ratingcs/tol_3.wav","0","cs1","labor5","2015-03-09_15.57.43.324000","l","10",0,"tol_3.wav",0
"88","12","30","2.773","Kennunif","./sounds/cs/ratingcs/nif_5.wav","1","cs2","labor5","2015-03-09_15.57.43.324000","l","10",0,"nif_5.wav",0
"89","12","50","2.684","Cocotol","./sounds/cs/ratingcs/tol_10.wav","0","cs1","labor5","2015-03-09_15.57.43.324000","l","10",0,"tol_10.wav",0
"90","12","30","3.005","Maasolup","./sounds/cs/ratingcs/lup_1.wav","0","cs3","labor5","2015-03-09_15.57.43.324000","l","10",0,"lup_1.wav",0
"91","12","40","2.246","Koleelup","./sounds/cs/ratingcs/lup_16.wav","0","cs3","labor5","2015-03-09_15.57.43.324000","l","10",0,"lup_16.wav",0
"92","12","10","2.723","Befetol","./sounds/cs/ratingcs/tol_14.wav","0","cs1","labor5","2015-03-09_15.57.43.324000","l","10",1,"tol_14.wav",0
"93","12","1","2.466","Tareelup","./sounds/cs/ratingcs/lup_8.wav","0","cs3","labor5","2015-03-09_15.57.43.324000","l","10",0,"lup_8.wav",0
"94","12","40","6.018","Lebbunif","./sounds/cs/ratingcs/nif_3.wav","1","target","labor5","2015-03-09_15.57.43.324000","r","5",1,"nif_3.wav",4
"95","12","40","3.198","Issanif","./sounds/cs/ratingcs/nif_9.wav","1","cs2","labor5","2015-03-09_15.57.43.324000","l","10",0,"nif_9.wav",0
"96","12","50","3.57","Jessunif","./sounds/cs/ratingcs/nif_19.wav","-1","cs2","labor5","2015-03-09_15.57.43.324000","l","10",0,"nif_19.wav",0
"97","12","20","3.837","Spanatol","./sounds/cs/ratingcs/tol_16.wav","0","cs1","labor5","2015-03-09_15.57.43.324000","l","10",0,"tol_16.wav",0
"98","12","20","1.864","Deretol","./sounds/cs/ratingcs/tol_12.wav","0","cs1","labor5","2015-03-09_15.57.43.324000","l","10",0,"tol_12.wav",0
"99","12","10","1.788","Moteelup","./sounds/cs/ratingcs/lup_19.wav","0","cs3","labor5","2015-03-09_15.57.43.324000","l","10",0,"lup_19.wav",0
"100","12","1","2.369","Eekalup","./sounds/cs/ratingcs/lup_11.wav","0","cs3","labor5","2015-03-09_15.57.43.324000","l","10",0,"lup_11.wav",0
"101","12","40","2.54","Allanif","./sounds/cs/ratingcs/nif_7.wav","-1","cs2","labor5","2015-03-09_15.57.43.324000","l","10",0,"nif_7.wav",0
"102","12","30","2.485","Toleelup","./sounds/cs/ratingcs/lup_5.wav","0","cs3","labor5","2015-03-09_15.57.43.324000","l","10",0,"lup_5.wav",0
"103","12","11","4.358","Rellnif","./sounds/cs/ratingcs/nif_6.wav","-1","target","labor5","2015-03-09_15.57.43.324000","r","5",0,"nif_6.wav",4
"104","12","20","4.711","Falatol","./sounds/cs/ratingcs/tol_4.wav","0","cs1","labor5","2015-03-09_15.57.43.324000","l","10",0,"tol_4.wav",0
"105","12","20","3.281","Cellanif","./sounds/cs/ratingcs/nif_1.wav","1","target","labor5","2015-03-09_15.57.43.324000","r","5",1,"nif_1.wav",4
"106","12","20","6.038","Baakelup","./sounds/cs/ratingcs/lup_20.wav","0","cs3","labor5","2015-03-09_15.57.43.324000","l","10",0,"lup_20.wav",0
"107","12","0","2.276","Omeelup","./sounds/cs/ratingcs/lup_3.wav","0","cs3","labor5","2015-03-09_15.57.43.324000","l","10",0,"lup_3.wav",0
"108","12","0","3.473","Nenetol","./sounds/cs/ratingcs/tol_19.wav","0","cs1","labor5","2015-03-09_15.57.43.324000","l","10",0,"tol_19.wav",0
"109","13","50","7.924","Kennunif","./sounds/cs/ratingcs/nif_5.wav","0","cs3","labor8","2015-03-11_09.33.55.693000","l","10",0,"nif_5.wav",0
"110","13","60","6.731","Reetolup","./sounds/cs/ratingcs/lup_15.wav","-1","cs2","labor8","2015-03-11_09.33.55.693000","l","10",0,"lup_15.wav",0
"111","13","50","2.289","Kattanif","./sounds/cs/ratingcs/nif_13.wav","0","cs3","labor8","2015-03-11_09.33.55.693000","l","10",0,"nif_13.wav",0
"112","13","60","6.7","Wenaalup","./sounds/cs/ratingcs/lup_4.wav","-1","target","labor8","2015-03-11_09.33.55.693000","r","5",1,"lup_4.wav",4
"113","13","48","4.198","Deretol","./sounds/cs/ratingcs/tol_12.wav","0","cs1","labor8","2015-03-11_09.33.55.693000","l","10",0,"tol_12.wav",0
"114","13","62","4.05","Koleelup","./sounds/cs/ratingcs/lup_16.wav","-1","target","labor8","2015-03-11_09.33.55.693000","r","5",0,"lup_16.wav",5
"115","13","57","2.308","Deekalup","./sounds/cs/ratingcs/lup_14.wav","1","cs2","labor8","2015-03-11_09.33.55.693000","l","10",0,"lup_14.wav",0
"116","13","47","5.743","Hulutol","./sounds/cs/ratingcs/tol_20.wav","0","cs1","labor8","2015-03-11_09.33.55.693000","l","10",0,"tol_20.wav",0
"117","13","42","2.878","Falatol","./sounds/cs/ratingcs/tol_4.wav","0","cs1","labor8","2015-03-11_09.33.55.693000","l","10",0,"tol_4.wav",0
"118","13","58","3.729","Tesoolup","./sounds/cs/ratingcs/lup_13.wav","-1","cs2","labor8","2015-03-11_09.33.55.693000","l","10",0,"lup_13.wav",0
"119","13","39","2.537","Nenetol","./sounds/cs/ratingcs/tol_19.wav","0","cs1","labor8","2015-03-11_09.33.55.693000","l","10",0,"tol_19.wav",0
"120","13","49","4.112","Lalatol","./sounds/cs/ratingcs/tol_1.wav","0","cs1","labor8","2015-03-11_09.33.55.693000","l","10",0,"tol_1.wav",0
"121","13","39","4.347","Cellanif","./sounds/cs/ratingcs/nif_1.wav","0","cs3","labor8","2015-03-11_09.33.55.693000","l","10",0,"nif_1.wav",0
"122","13","40","3.88","Spanatol","./sounds/cs/ratingcs/tol_16.wav","0","cs1","labor8","2015-03-11_09.33.55.693000","l","10",0,"tol_16.wav",0
"123","13","41","2.048","Teppanif","./sounds/cs/ratingcs/nif_15.wav","0","cs3","labor8","2015-03-11_09.33.55.693000","l","10",0,"nif_15.wav",0
"124","13","57","2.49","Mateelup","./sounds/cs/ratingcs/lup_9.wav","-1","target","labor8","2015-03-11_09.33.55.693000","r","5",0,"lup_9.wav",4
"125","13","61","3.596","Eekalup","./sounds/cs/ratingcs/lup_11.wav","1","target","labor8","2015-03-11_09.33.55.693000","r","5",0,"lup_11.wav",4
"126","13","47","4.101","Bollanif","./sounds/cs/ratingcs/nif_8.wav","0","cs3","labor8","2015-03-11_09.33.55.693000","l","10",0,"nif_8.wav",0
"127","13","38","2.155","Reretol","./sounds/cs/ratingcs/tol_2.wav","0","cs1","labor8","2015-03-11_09.33.55.693000","l","10",0,"tol_2.wav",0
"128","13","39","2.342","Cocotol","./sounds/cs/ratingcs/tol_10.wav","0","cs1","labor8","2015-03-11_09.33.55.693000","l","10",0,"tol_10.wav",0
"129","13","44","1.877","Kullonif","./sounds/cs/ratingcs/nif_17.wav","0","cs3","labor8","2015-03-11_09.33.55.693000","l","10",0,"nif_17.wav",0
"130","13","51","3.123","Allanif","./sounds/cs/ratingcs/nif_7.wav","0","cs3","labor8","2015-03-11_09.33.55.693000","l","10",0,"nif_7.wav",0
"131","13","64","4.037","Kaneelup","./sounds/cs/ratingcs/lup_7.wav","1","cs2","labor8","2015-03-11_09.33.55.693000","l","10",0,"lup_7.wav",0
"132","13","39","2.041","Lussanif","./sounds/cs/ratingcs/nif_18.wav","0","cs3","labor8","2015-03-11_09.33.55.693000","l","10",0,"nif_18.wav",0
"133","13","54","2.525","Saartelup","./sounds/cs/ratingcs/lup_10.wav","1","cs2","labor8","2015-03-11_09.33.55.693000","l","10",0,"lup_10.wav",0
"134","13","69","3.708","Toleelup","./sounds/cs/ratingcs/lup_5.wav","1","target","labor8","2015-03-11_09.33.55.693000","r","5",0,"lup_5.wav",5
"135","13","47","1.975","Jessunif","./sounds/cs/ratingcs/nif_19.wav","0","cs3","labor8","2015-03-11_09.33.55.693000","l","10",0,"nif_19.wav",0
"136","13","55","2.161","Daanilup","./sounds/cs/ratingcs/lup_17.wav","-1","cs2","labor8","2015-03-11_09.33.55.693000","l","10",0,"lup_17.wav",0
"137","13","50","2.775","Rustutol","./sounds/cs/ratingcs/tol_15.wav","0","cs1","labor8","2015-03-11_09.33.55.693000","l","10",0,"tol_15.wav",0
"138","13","53","2.179","Baakelup","./sounds/cs/ratingcs/lup_20.wav","-1","cs2","labor8","2015-03-11_09.33.55.693000","l","10",0,"lup_20.wav",0
"139","13","61","3.265","Neenolup","./sounds/cs/ratingcs/lup_2.wav","-1","cs2","labor8","2015-03-11_09.33.55.693000","l","10",0,"lup_2.wav",0
"140","13","49","4.901","Unoolup","./sounds/cs/ratingcs/lup_18.wav","1","cs2","labor8","2015-03-11_09.33.55.693000","l","10",0,"lup_18.wav",0
"141","13","50","2.554","Omeelup","./sounds/cs/ratingcs/lup_3.wav","1","cs2","labor8","2015-03-11_09.33.55.693000","l","10",0,"lup_3.wav",0
"142","13","55","2.391","Waneelup","./sounds/cs/ratingcs/lup_6.wav","1","target","labor8","2015-03-11_09.33.55.693000","r","5",1,"lup_6.wav",4
"143","13","46","2.834","Zallunif","./sounds/cs/ratingcs/nif_4.wav","0","cs3","labor8","2015-03-11_09.33.55.693000","l","10",0,"nif_4.wav",0
"144","13","48","2.809","Sesetol","./sounds/cs/ratingcs/tol_9.wav","0","cs1","labor8","2015-03-11_09.33.55.693000","l","10",0,"tol_9.wav",0
"145","14","40","5.085","Befetol","./sounds/cs/ratingcs/tol_14.wav","0","cs1","labor4","2015-03-11_10.03.15.865000","l","10",0,"tol_14.wav",0
"146","14","40","3.23","Cellanif","./sounds/cs/ratingcs/nif_1.wav","0","cs3","labor4","2015-03-11_10.03.15.865000","l","10",0,"nif_1.wav",0
"147","14","30","3.792","Reetolup","./sounds/cs/ratingcs/lup_15.wav","1","cs2","labor4","2015-03-11_10.03.15.865000","l","10",0,"lup_15.wav",0
"148","14","40","2.864","Teppanif","./sounds/cs/ratingcs/nif_15.wav","0","cs3","labor4","2015-03-11_10.03.15.865000","l","10",1,"nif_15.wav",0
"149","14","27","7.486","Dimmanif","./sounds/cs/ratingcs/nif_11.wav","0","cs3","labor4","2015-03-11_10.03.15.865000","l","10",0,"nif_11.wav",0
"150","14","50","3.184","Deretol","./sounds/cs/ratingcs/tol_12.wav","0","cs1","labor4","2015-03-11_10.03.15.865000","l","10",0,"tol_12.wav",0
"151","14","52","2.461","Nenetol","./sounds/cs/ratingcs/tol_19.wav","0","cs1","labor4","2015-03-11_10.03.15.865000","l","10",0,"tol_19.wav",0
"152","14","48","4.217","Siritol","./sounds/cs/ratingcs/tol_18.wav","0","cs1","labor4","2015-03-11_10.03.15.865000","l","10",0,"tol_18.wav",0
"153","14","49","3.781","Zallunif","./sounds/cs/ratingcs/nif_4.wav","0","cs3","labor4","2015-03-11_10.03.15.865000","l","10",0,"nif_4.wav",0
"154","14","57","3.853","Wenaalup","./sounds/cs/ratingcs/lup_4.wav","1","cs2","labor4","2015-03-11_10.03.15.865000","l","10",0,"lup_4.wav",0
"155","14","35","4.905","Unoolup","./sounds/cs/ratingcs/lup_18.wav","1","cs2","labor4","2015-03-11_10.03.15.865000","l","10",0,"lup_18.wav",0
"156","14","36","3.053","Kullonif","./sounds/cs/ratingcs/nif_17.wav","0","cs3","labor4","2015-03-11_10.03.15.865000","l","10",0,"nif_17.wav",0
"157","14","25","4.784","Zackatol","./sounds/cs/ratingcs/tol_17.wav","0","cs1","labor4","2015-03-11_10.03.15.865000","l","10",0,"tol_17.wav",0
"158","14","47","3.033","Eskannif","./sounds/cs/ratingcs/nif_2.wav","0","cs3","labor4","2015-03-11_10.03.15.865000","l","10",0,"nif_2.wav",0
"159","14","57","4.318","Lalatol","./sounds/cs/ratingcs/tol_1.wav","0","cs1","labor4","2015-03-11_10.03.15.865000","l","10",0,"tol_1.wav",0
"160","14","47","3.164","Tareelup","./sounds/cs/ratingcs/lup_8.wav","1","cs2","labor4","2015-03-11_10.03.15.865000","l","10",0,"lup_8.wav",0
"161","14","40","3.441","Mofotol","./sounds/cs/ratingcs/tol_11.wav","0","cs1","labor4","2015-03-11_10.03.15.865000","l","10",0,"tol_11.wav",0
"162","14","48","4.772","Eekalup","./sounds/cs/ratingcs/lup_11.wav","1","cs2","labor4","2015-03-11_10.03.15.865000","l","10",0,"lup_11.wav",0
"163","14","36","2.861","Daanilup","./sounds/cs/ratingcs/lup_17.wav","1","target","labor4","2015-03-11_10.03.15.865000","r","5",2,"lup_17.wav",3
"164","14","27","2.904","Mateelup","./sounds/cs/ratingcs/lup_9.wav","-1","cs2","labor4","2015-03-11_10.03.15.865000","l","10",0,"lup_9.wav",0
"165","14","37","2.854","Toleelup","./sounds/cs/ratingcs/lup_5.wav","-1","cs2","labor4","2015-03-11_10.03.15.865000","l","10",0,"lup_5.wav",0
"166","14","37","3.738","Neenolup","./sounds/cs/ratingcs/lup_2.wav","-1","target","labor4","2015-03-11_10.03.15.865000","r","5",1,"lup_2.wav",4
"167","14","47","3.912","Kissunif","./sounds/cs/ratingcs/nif_16.wav","0","cs3","labor4","2015-03-11_10.03.15.865000","l","10",0,"nif_16.wav",0
"168","14","46","4.973","Cocotol","./sounds/cs/ratingcs/tol_10.wav","0","cs1","labor4","2015-03-11_10.03.15.865000","l","10",0,"tol_10.wav",0
"169","14","36","3.237","Lussanif","./sounds/cs/ratingcs/nif_18.wav","0","cs3","labor4","2015-03-11_10.03.15.865000","l","10",0,"nif_18.wav",0
"170","14","52","2.656","Hulutol","./sounds/cs/ratingcs/tol_20.wav","0","cs1","labor4","2015-03-11_10.03.15.865000","l","10",0,"tol_20.wav",0
"171","14","33","3.037","Kaneelup","./sounds/cs/ratingcs/lup_7.wav","-1","cs2","labor4","2015-03-11_10.03.15.865000","l","10",0,"lup_7.wav",0
"172","14","42","3.746","Omeelup","./sounds/cs/ratingcs/lup_3.wav","1","target","labor4","2015-03-11_10.03.15.865000","r","5",1,"lup_3.wav",4
"173","14","32","3.275","Saartelup","./sounds/cs/ratingcs/lup_10.wav","-1","target","labor4","2015-03-11_10.03.15.865000","r","5",1,"lup_10.wav",4
"174","14","32","2.332","Tesoolup","./sounds/cs/ratingcs/lup_13.wav","1","target","labor4","2015-03-11_10.03.15.865000","r","5",0,"lup_13.wav",5
"175","14","36","4.529","Moteelup","./sounds/cs/ratingcs/lup_19.wav","-1","cs2","labor4","2015-03-11_10.03.15.865000","l","10",0,"lup_19.wav",0
"176","14","44","5.896","Waneelup","./sounds/cs/ratingcs/lup_6.wav","-1","target","labor4","2015-03-11_10.03.15.865000","r","5",0,"lup_6.wav",5
"177","14","50","3.068","Issanif","./sounds/cs/ratingcs/nif_9.wav","0","cs3","labor4","2015-03-11_10.03.15.865000","l","10",0,"nif_9.wav",0
"178","14","47","2.358","Maasolup","./sounds/cs/ratingcs/lup_1.wav","-1","cs2","labor4","2015-03-11_10.03.15.865000","l","10",0,"lup_1.wav",1
"179","14","56","2.421","Falatol","./sounds/cs/ratingcs/tol_4.wav","0","cs1","labor4","2015-03-11_10.03.15.865000","l","10",0,"tol_4.wav",0
"180","14","61","4.075","Allanif","./sounds/cs/ratingcs/nif_7.wav","0","cs3","labor4","2015-03-11_10.03.15.865000","l","10",0,"nif_7.wav",0
"181","15","38","5.795","Rustutol","./sounds/cs/ratingcs/tol_15.wav","-1","target","labor5","2015-03-11_10.24.59.764000","r","5",0,"tol_15.wav",5
"182","15","48","3.627","Bollanif","./sounds/cs/ratingcs/nif_8.wav","0","cs1","labor5","2015-03-11_10.24.59.764000","l","10",1,"nif_8.wav",0
"183","15","48","3.459","Reetolup","./sounds/cs/ratingcs/lup_15.wav","0","cs3","labor5","2015-03-11_10.24.59.764000","l","10",0,"lup_15.wav",0
"184","15","49","3.26","Kennunif","./sounds/cs/ratingcs/nif_5.wav","0","cs1","labor5","2015-03-11_10.24.59.764000","l","10",0,"nif_5.wav",0
"185","15","50","2.227","Kullonif","./sounds/cs/ratingcs/nif_17.wav","0","cs1","labor5","2015-03-11_10.24.59.764000","l","10",0,"nif_17.wav",0
"186","15","49","2.911","Falatol","./sounds/cs/ratingcs/tol_4.wav","-1","target","labor5","2015-03-11_10.24.59.764000","r","5",4,"tol_4.wav",1
"187","15","48","2.114","Deekalup","./sounds/cs/ratingcs/lup_14.wav","0","cs3","labor5","2015-03-11_10.24.59.764000","l","10",0,"lup_14.wav",0
"188","15","48","2.123","Dakatol","./sounds/cs/ratingcs/tol_6.wav","-1","cs2","labor5","2015-03-11_10.24.59.764000","l","10",0,"tol_6.wav",0
"189","15","49","3.244","Piditol","./sounds/cs/ratingcs/tol_13.wav","-1","cs2","labor5","2015-03-11_10.24.59.764000","l","10",0,"tol_13.wav",0
"190","15","48","2.326","Renetol","./sounds/cs/ratingcs/tol_5.wav","1","target","labor5","2015-03-11_10.24.59.764000","r","5",0,"tol_5.wav",5
"191","15","48","3.101","Dullanif","./sounds/cs/ratingcs/nif_14.wav","0","cs1","labor5","2015-03-11_10.24.59.764000","l","10",2,"nif_14.wav",0
"192","15","49","2.346","Zackatol","./sounds/cs/ratingcs/tol_17.wav","-1","cs2","labor5","2015-03-11_10.24.59.764000","l","10",0,"tol_17.wav",0
"193","15","51","2.751","Mateelup","./sounds/cs/ratingcs/lup_9.wav","0","cs3","labor5","2015-03-11_10.24.59.764000","l","10",0,"lup_9.wav",0
"194","15","49","3.429","Cocotol","./sounds/cs/ratingcs/tol_10.wav","1","cs2","labor5","2015-03-11_10.24.59.764000","l","10",0,"tol_10.wav",0
"195","15","51","3.636","Siritol","./sounds/cs/ratingcs/tol_18.wav","1","cs2","labor5","2015-03-11_10.24.59.764000","l","10",0,"tol_18.wav",0
"196","15","38","2.664","Tesoolup","./sounds/cs/ratingcs/lup_13.wav","0","cs3","labor5","2015-03-11_10.24.59.764000","l","10",0,"lup_13.wav",0
"197","15","43","2.497","Zallunif","./sounds/cs/ratingcs/nif_4.wav","0","cs1","labor5","2015-03-11_10.24.59.764000","l","10",0,"nif_4.wav",0
"198","15","46","3.049","Nenetol","./sounds/cs/ratingcs/tol_19.wav","-1","cs2","labor5","2015-03-11_10.24.59.764000","l","10",0,"tol_19.wav",0
"199","15","47","2.822","Eekalup","./sounds/cs/ratingcs/lup_11.wav","0","cs3","labor5","2015-03-11_10.24.59.764000","l","10",0,"lup_11.wav",0
"200","15","47","2.631","Toleelup","./sounds/cs/ratingcs/lup_5.wav","0","cs3","labor5","2015-03-11_10.24.59.764000","l","10",0,"lup_5.wav",0
"201","15","49","2.767","Dilitol","./sounds/cs/ratingcs/tol_8.wav","1","target","labor5","2015-03-11_10.24.59.764000","r","5",4,"tol_8.wav",0
"202","15","46","2.295","Istennif","./sounds/cs/ratingcs/nif_20.wav","0","cs1","labor5","2015-03-11_10.24.59.764000","l","10",0,"nif_20.wav",0
"203","15","32","5.949","Moteelup","./sounds/cs/ratingcs/lup_19.wav","0","cs3","labor5","2015-03-11_10.24.59.764000","l","10",0,"lup_19.wav",0
"204","15","37","2.51","Reretol","./sounds/cs/ratingcs/tol_2.wav","-1","cs2","labor5","2015-03-11_10.24.59.764000","l","10",0,"tol_2.wav",0
"205","15","29","3.012","Rellnif","./sounds/cs/ratingcs/nif_6.wav","0","cs1","labor5","2015-03-11_10.24.59.764000","l","10",0,"nif_6.wav",0
"206","15","57","2.687","Nanatol","./sounds/cs/ratingcs/tol_3.wav","1","cs2","labor5","2015-03-11_10.24.59.764000","l","10",0,"tol_3.wav",0
"207","15","41","3.338","Wenaalup","./sounds/cs/ratingcs/lup_4.wav","0","cs3","labor5","2015-03-11_10.24.59.764000","l","10",0,"lup_4.wav",0
"208","15","58","5.992","Lalatol","./sounds/cs/ratingcs/tol_1.wav","1","target","labor5","2015-03-11_10.24.59.764000","r","5",1,"tol_1.wav",4
"209","15","42","2.633","Deretol","./sounds/cs/ratingcs/tol_12.wav","-1","target","labor5","2015-03-11_10.24.59.764000","r","5",2,"tol_12.wav",3
"210","15","30","3.105","Lussanif","./sounds/cs/ratingcs/nif_18.wav","0","cs1","labor5","2015-03-11_10.24.59.764000","l","10",0,"nif_18.wav",0
"211","15","57","4.162","Kaneelup","./sounds/cs/ratingcs/lup_7.wav","0","cs3","labor5","2015-03-11_10.24.59.764000","l","10",0,"lup_7.wav",0
"212","15","45","3.641","Issanif","./sounds/cs/ratingcs/nif_9.wav","0","cs1","labor5","2015-03-11_10.24.59.764000","l","10",0,"nif_9.wav",0
"213","15","43","2.127","Kattanif","./sounds/cs/ratingcs/nif_13.wav","0","cs1","labor5","2015-03-11_10.24.59.764000","l","10",0,"nif_13.wav",0
"214","15","31","5.477","Mofotol","./sounds/cs/ratingcs/tol_11.wav","1","cs2","labor5","2015-03-11_10.24.59.764000","l","10",0,"tol_11.wav",0
"215","15","55","2.002","Nomotol","./sounds/cs/ratingcs/tol_7.wav","1","cs2","labor5","2015-03-11_10.24.59.764000","l","10",0,"tol_7.wav",0
"216","15","62","3.517","Omeelup","./sounds/cs/ratingcs/lup_3.wav","0","cs3","labor5","2015-03-11_10.24.59.764000","l","10",0,"lup_3.wav",0
"217","16","30","4.914","Kattanif","./sounds/cs/ratingcs/nif_13.wav","0","cs1","labor2","2015-03-11_10.27.30.412000","l","10",1,"nif_13.wav",0
"218","16","23","4.428","Nenetol","./sounds/cs/ratingcs/tol_19.wav","-1","cs2","labor2","2015-03-11_10.27.30.412000","l","10",0,"tol_19.wav",0
"219","16","22","2.191","Spanatol","./sounds/cs/ratingcs/tol_16.wav","-1","cs2","labor2","2015-03-11_10.27.30.412000","l","10",0,"tol_16.wav",0
"220","16","51","2.122","Cellanif","./sounds/cs/ratingcs/nif_1.wav","0","cs1","labor2","2015-03-11_10.27.30.412000","l","10",0,"nif_1.wav",0
"221","16","38","3.119","Omeelup","./sounds/cs/ratingcs/lup_3.wav","0","cs3","labor2","2015-03-11_10.27.30.412000","l","10",0,"lup_3.wav",0
"222","16","41","2.091","Siritol","./sounds/cs/ratingcs/tol_18.wav","1","cs2","labor2","2015-03-11_10.27.30.412000","l","10",0,"tol_18.wav",1
"223","16","31","1.959","Kullonif","./sounds/cs/ratingcs/nif_17.wav","0","cs1","labor2","2015-03-11_10.27.30.412000","l","10",0,"nif_17.wav",0
"224","16","33","2.641","Dimmanif","./sounds/cs/ratingcs/nif_11.wav","0","cs1","labor2","2015-03-11_10.27.30.412000","l","10",1,"nif_11.wav",0
"225","16","42","2.003","Rustutol","./sounds/cs/ratingcs/tol_15.wav","-1","target","labor2","2015-03-11_10.27.30.412000","r","5",0,"tol_15.wav",5
"226","16","27","1.715","Istennif","./sounds/cs/ratingcs/nif_20.wav","0","cs1","labor2","2015-03-11_10.27.30.412000","l","10",0,"nif_20.wav",0
"227","16","34","3.187","Eekalup","./sounds/cs/ratingcs/lup_11.wav","0","cs3","labor2","2015-03-11_10.27.30.412000","l","10",0,"lup_11.wav",0
"228","16","25","2.049","Saartelup","./sounds/cs/ratingcs/lup_10.wav","0","cs3","labor2","2015-03-11_10.27.30.412000","l","10",0,"lup_10.wav",0
"229","16","24","1.93","Dattonif","./sounds/cs/ratingcs/nif_12.wav","0","cs1","labor2","2015-03-11_10.27.30.412000","l","10",0,"nif_12.wav",0
"230","16","34","2.903","Mofotol","./sounds/cs/ratingcs/tol_11.wav","-1","target","labor2","2015-03-11_10.27.30.412000","r","5",0,"tol_11.wav",5
"231","16","27","2.578","Mateelup","./sounds/cs/ratingcs/lup_9.wav","0","cs3","labor2","2015-03-11_10.27.30.412000","l","10",1,"lup_9.wav",0
"232","16","29","2.026","Issanif","./sounds/cs/ratingcs/nif_9.wav","0","cs1","labor2","2015-03-11_10.27.30.412000","l","10",0,"nif_9.wav",0
"233","16","28","1.791","Deretol","./sounds/cs/ratingcs/tol_12.wav","-1","target","labor2","2015-03-11_10.27.30.412000","r","5",0,"tol_12.wav",3
"234","16","30","2.708","Befetol","./sounds/cs/ratingcs/tol_14.wav","1","cs2","labor2","2015-03-11_10.27.30.412000","l","10",0,"tol_14.wav",0
"235","16","41","2.563","Cocotol","./sounds/cs/ratingcs/tol_10.wav","1","cs2","labor2","2015-03-11_10.27.30.412000","l","10",0,"tol_10.wav",0
"236","16","27","2.131","Piditol","./sounds/cs/ratingcs/tol_13.wav","-1","cs2","labor2","2015-03-11_10.27.30.412000","l","10",0,"tol_13.wav",0
"237","16","27","2.393","Allanif","./sounds/cs/ratingcs/nif_7.wav","0","cs1","labor2","2015-03-11_10.27.30.412000","l","10",0,"nif_7.wav",0
"238","16","48","2.015","Renetol","./sounds/cs/ratingcs/tol_5.wav","1","cs2","labor2","2015-03-11_10.27.30.412000","l","10",0,"tol_5.wav",0
"239","16","29","3.734","Tareelup","./sounds/cs/ratingcs/lup_8.wav","0","cs3","labor2","2015-03-11_10.27.30.412000","l","10",0,"lup_8.wav",0
"240","16","27","1.881","Sesetol","./sounds/cs/ratingcs/tol_9.wav","1","target","labor2","2015-03-11_10.27.30.412000","r","5",0,"tol_9.wav",1
"241","16","29","2.017","Zallunif","./sounds/cs/ratingcs/nif_4.wav","0","cs1","labor2","2015-03-11_10.27.30.412000","l","10",0,"nif_4.wav",0
"242","16","28","1.886","Lalatol","./sounds/cs/ratingcs/tol_1.wav","-1","cs2","labor2","2015-03-11_10.27.30.412000","l","10",0,"tol_1.wav",0
"243","16","39","3.495","Daanilup","./sounds/cs/ratingcs/lup_17.wav","0","cs3","labor2","2015-03-11_10.27.30.412000","l","10",0,"lup_17.wav",0
"244","16","26","1.667","Tesoolup","./sounds/cs/ratingcs/lup_13.wav","0","cs3","labor2","2015-03-11_10.27.30.412000","l","10",0,"lup_13.wav",0
"245","16","27","1.672","Koleelup","./sounds/cs/ratingcs/lup_16.wav","0","cs3","labor2","2015-03-11_10.27.30.412000","l","10",0,"lup_16.wav",0
"246","16","27","1.789","Toleelup","./sounds/cs/ratingcs/lup_5.wav","0","cs3","labor2","2015-03-11_10.27.30.412000","l","10",0,"lup_5.wav",0
"247","16","27","1.679","Hulutol","./sounds/cs/ratingcs/tol_20.wav","1","cs2","labor2","2015-03-11_10.27.30.412000","l","10",0,"tol_20.wav",0
"248","16","28","1.529","Dilitol","./sounds/cs/ratingcs/tol_8.wav","1","target","labor2","2015-03-11_10.27.30.412000","r","5",0,"tol_8.wav",3
"249","16","28","2.775","Nanatol","./sounds/cs/ratingcs/tol_3.wav","-1","cs2","labor2","2015-03-11_10.27.30.412000","l","10",0,"tol_3.wav",0
"250","16","27","2.015","Zackatol","./sounds/cs/ratingcs/tol_17.wav","1","target","labor2","2015-03-11_10.27.30.412000","r","5",0,"tol_17.wav",3
"251","16","27","1.666","Teppanif","./sounds/cs/ratingcs/nif_15.wav","0","cs1","labor2","2015-03-11_10.27.30.412000","l","10",0,"nif_15.wav",0
"252","16","28","1.811","Deekalup","./sounds/cs/ratingcs/lup_14.wav","0","cs3","labor2","2015-03-11_10.27.30.412000","l","10",0,"lup_14.wav",0
"253","17","40","8.037","Reetolup","./sounds/cs/ratingcs/lup_15.wav","0","cs1","labor2","2015-03-11_12.25.01.195000","l","10",0,"lup_15.wav",0
"254","17","40","4.322","Tesoolup","./sounds/cs/ratingcs/lup_13.wav","0","cs1","labor2","2015-03-11_12.25.01.195000","l","10",0,"lup_13.wav",0
"255","17","19","3.029","Lebbunif","./sounds/cs/ratingcs/nif_3.wav","0","cs3","labor2","2015-03-11_12.25.01.195000","l","10",0,"nif_3.wav",0
"256","17","50","3.346","Tareelup","./sounds/cs/ratingcs/lup_8.wav","0","cs1","labor2","2015-03-11_12.25.01.195000","l","10",0,"lup_8.wav",0
"257","17","19","3.704","Cocotol","./sounds/cs/ratingcs/tol_10.wav","1","target","labor2","2015-03-11_12.25.01.195000","r","5",1,"tol_10.wav",4
"258","17","20","2.668","Rellnif","./sounds/cs/ratingcs/nif_6.wav","0","cs3","labor2","2015-03-11_12.25.01.195000","l","10",0,"nif_6.wav",0
"259","17","40","2.941","Missonif","./sounds/cs/ratingcs/nif_10.wav","0","cs3","labor2","2015-03-11_12.25.01.195000","l","10",0,"nif_10.wav",0
"260","17","50","2.383","Daanalup","./sounds/cs/ratingcs/lup_12.wav","0","cs1","labor2","2015-03-11_12.25.01.195000","l","10",0,"lup_12.wav",0
"261","17","31","2.646","Unoolup","./sounds/cs/ratingcs/lup_18.wav","0","cs1","labor2","2015-03-11_12.25.01.195000","l","10",0,"lup_18.wav",0
"262","17","60","2.923","Zackatol","./sounds/cs/ratingcs/tol_17.wav","1","cs2","labor2","2015-03-11_12.25.01.195000","l","10",0,"tol_17.wav",0
"263","17","30","2.661","Maasolup","./sounds/cs/ratingcs/lup_1.wav","0","cs1","labor2","2015-03-11_12.25.01.195000","l","10",0,"lup_1.wav",0
"264","17","30","2.403","Bollanif","./sounds/cs/ratingcs/nif_8.wav","0","cs3","labor2","2015-03-11_12.25.01.195000","l","10",0,"nif_8.wav",0
"265","17","41","2.306","Dattonif","./sounds/cs/ratingcs/nif_12.wav","0","cs3","labor2","2015-03-11_12.25.01.195000","l","10",0,"nif_12.wav",0
"266","17","50","2.052","Allanif","./sounds/cs/ratingcs/nif_7.wav","0","cs3","labor2","2015-03-11_12.25.01.195000","l","10",0,"nif_7.wav",0
"267","17","60","2.759","Piditol","./sounds/cs/ratingcs/tol_13.wav","-1","cs2","labor2","2015-03-11_12.25.01.195000","l","10",0,"tol_13.wav",0
"268","17","70","2.399","Jessunif","./sounds/cs/ratingcs/nif_19.wav","0","cs3","labor2","2015-03-11_12.25.01.195000","l","10",0,"nif_19.wav",0
"269","17","60","2.59","Falatol","./sounds/cs/ratingcs/tol_4.wav","-1","target","labor2","2015-03-11_12.25.01.195000","r","5",0,"tol_4.wav",5
"270","17","40","2.754","Dullanif","./sounds/cs/ratingcs/nif_14.wav","0","cs3","labor2","2015-03-11_12.25.01.195000","l","10",0,"nif_14.wav",0
"271","17","31","1.938","Issanif","./sounds/cs/ratingcs/nif_9.wav","0","cs3","labor2","2015-03-11_12.25.01.195000","l","10",0,"nif_9.wav",0
"272","17","41","2.332","Mofotol","./sounds/cs/ratingcs/tol_11.wav","-1","target","labor2","2015-03-11_12.25.01.195000","r","5",1,"tol_11.wav",4
"273","17","10","3.336","Waneelup","./sounds/cs/ratingcs/lup_6.wav","0","cs1","labor2","2015-03-11_12.25.01.195000","l","10",0,"lup_6.wav",0
"274","17","40","2.477","Nenetol","./sounds/cs/ratingcs/tol_19.wav","1","target","labor2","2015-03-11_12.25.01.195000","r","5",0,"tol_19.wav",5
"275","17","60","2.706","Rustutol","./sounds/cs/ratingcs/tol_15.wav","-1","cs2","labor2","2015-03-11_12.25.01.195000","l","10",0,"tol_15.wav",0
"276","17","30","2.613","Nanatol","./sounds/cs/ratingcs/tol_3.wav","1","cs2","labor2","2015-03-11_12.25.01.195000","l","10",0,"tol_3.wav",0
"277","17","40","2.257","Deekalup","./sounds/cs/ratingcs/lup_14.wav","0","cs1","labor2","2015-03-11_12.25.01.195000","l","10",0,"lup_14.wav",0
"278","17","29","2.404","Renetol","./sounds/cs/ratingcs/tol_5.wav","-1","cs2","labor2","2015-03-11_12.25.01.195000","l","10",0,"tol_5.wav",0
"279","17","20","2.696","Kaneelup","./sounds/cs/ratingcs/lup_7.wav","0","cs1","labor2","2015-03-11_12.25.01.195000","l","10",0,"lup_7.wav",0
"280","17","30","2.505","Reretol","./sounds/cs/ratingcs/tol_2.wav","1","cs2","labor2","2015-03-11_12.25.01.195000","l","10",0,"tol_2.wav",0
"281","17","18","3.385","Wenaalup","./sounds/cs/ratingcs/lup_4.wav","0","cs1","labor2","2015-03-11_12.25.01.195000","l","10",0,"lup_4.wav",0
"282","17","17","3.156","Eskannif","./sounds/cs/ratingcs/nif_2.wav","0","cs3","labor2","2015-03-11_12.25.01.195000","l","10",0,"nif_2.wav",0
"283","17","31","4.953","Hulutol","./sounds/cs/ratingcs/tol_20.wav","1","cs2","labor2","2015-03-11_12.25.01.195000","l","10",0,"tol_20.wav",0
"284","17","56","2.311","Deretol","./sounds/cs/ratingcs/tol_12.wav","-1","cs2","labor2","2015-03-11_12.25.01.195000","l","10",0,"tol_12.wav",0
"285","17","64","2.269","Sesetol","./sounds/cs/ratingcs/tol_9.wav","1","target","labor2","2015-03-11_12.25.01.195000","r","5",1,"tol_9.wav",4
"286","17","67","3.075","Siritol","./sounds/cs/ratingcs/tol_18.wav","-1","target","labor2","2015-03-11_12.25.01.195000","r","5",0,"tol_18.wav",5
"287","17","40","4.051","Dilitol","./sounds/cs/ratingcs/tol_8.wav","-1","cs2","labor2","2015-03-11_12.25.01.195000","l","10",0,"tol_8.wav",0
"288","17","30","2.778","Dakatol","./sounds/cs/ratingcs/tol_6.wav","1","cs2","labor2","2015-03-11_12.25.01.195000","l","10",0,"tol_6.wav",0
"289","18","80","13.741","Nomotol","./sounds/cs/ratingcs/tol_7.wav","1","cs2","labor8","2015-03-11_12.54.16.009000","l","10",0,"tol_7.wav",4
"290","18","70","4.679","Renetol","./sounds/cs/ratingcs/tol_5.wav","-1","target","labor8","2015-03-11_12.54.16.009000","r","5",1,"tol_5.wav",4
"291","18","70","4.167","Piditol","./sounds/cs/ratingcs/tol_13.wav","1","cs2","labor8","2015-03-11_12.54.16.009000","l","10",0,"tol_13.wav",5
"292","18","80","4.048","Daanalup","./sounds/cs/ratingcs/lup_12.wav","0","cs1","labor8","2015-03-11_12.54.16.009000","l","10",0,"lup_12.wav",0
"293","18","79","2.98","Lalatol","./sounds/cs/ratingcs/tol_1.wav","1","cs2","labor8","2015-03-11_12.54.16.009000","l","10",0,"tol_1.wav",7
"294","18","67","2.81","Dattonif","./sounds/cs/ratingcs/nif_12.wav","0","cs3","labor8","2015-03-11_12.54.16.009000","l","10",5,"nif_12.wav",0
"295","18","57","2.462","Issanif","./sounds/cs/ratingcs/nif_9.wav","0","cs3","labor8","2015-03-11_12.54.16.009000","l","10",6,"nif_9.wav",0
"296","18","70","2.943","Tareelup","./sounds/cs/ratingcs/lup_8.wav","0","cs1","labor8","2015-03-11_12.54.16.009000","l","10",0,"lup_8.wav",0
"297","18","65","2.398","Kattanif","./sounds/cs/ratingcs/nif_13.wav","0","cs3","labor8","2015-03-11_12.54.16.009000","l","10",5,"nif_13.wav",0
"298","18","63","2.731","Lussanif","./sounds/cs/ratingcs/nif_18.wav","0","cs3","labor8","2015-03-11_12.54.16.009000","l","10",4,"nif_18.wav",0
"299","18","69","2.547","Neenolup","./sounds/cs/ratingcs/lup_2.wav","0","cs1","labor8","2015-03-11_12.54.16.009000","l","10",0,"lup_2.wav",0
"300","18","55","3.174","Mofotol","./sounds/cs/ratingcs/tol_11.wav","-1","target","labor8","2015-03-11_12.54.16.009000","r","5",0,"tol_11.wav",5
"301","18","66","2.537","Bollanif","./sounds/cs/ratingcs/nif_8.wav","0","cs3","labor8","2015-03-11_12.54.16.009000","l","10",5,"nif_8.wav",0
"302","18","72","2.061","Dilitol","./sounds/cs/ratingcs/tol_8.wav","1","cs2","labor8","2015-03-11_12.54.16.009000","l","10",1,"tol_8.wav",7
"303","18","52","2.567","Kennunif","./sounds/cs/ratingcs/nif_5.wav","0","cs3","labor8","2015-03-11_12.54.16.009000","l","10",5,"nif_5.wav",0
"304","18","54","2.486","Dakatol","./sounds/cs/ratingcs/tol_6.wav","-1","cs2","labor8","2015-03-11_12.54.16.009000","l","10",1,"tol_6.wav",5
"305","18","64","3.384","Maasolup","./sounds/cs/ratingcs/lup_1.wav","0","cs1","labor8","2015-03-11_12.54.16.009000","l","10",0,"lup_1.wav",0
"306","18","69","2.442","Kullonif","./sounds/cs/ratingcs/nif_17.wav","0","cs3","labor8","2015-03-11_12.54.16.009000","l","10",7,"nif_17.wav",0
"307","18","59","2.724","Deekalup","./sounds/cs/ratingcs/lup_14.wav","0","cs1","labor8","2015-03-11_12.54.16.009000","l","10",0,"lup_14.wav",0
"308","18","72","2.54","Nenetol","./sounds/cs/ratingcs/tol_19.wav","1","target","labor8","2015-03-11_12.54.16.009000","r","5",0,"tol_19.wav",4
"309","18","75","3.144","Deretol","./sounds/cs/ratingcs/tol_12.wav","1","cs2","labor8","2015-03-11_12.54.16.009000","l","10",2,"tol_12.wav",5
"310","18","74","2.408","Omeelup","./sounds/cs/ratingcs/lup_3.wav","0","cs1","labor8","2015-03-11_12.54.16.009000","l","10",0,"lup_3.wav",0
"311","18","53","1.926","Eskannif","./sounds/cs/ratingcs/nif_2.wav","0","cs3","labor8","2015-03-11_12.54.16.009000","l","10",7,"nif_2.wav",0
"312","18","43","3.449","Wenaalup","./sounds/cs/ratingcs/lup_4.wav","0","cs1","labor8","2015-03-11_12.54.16.009000","l","10",0,"lup_4.wav",0
"313","18","59","2.104","Nanatol","./sounds/cs/ratingcs/tol_3.wav","1","target","labor8","2015-03-11_12.54.16.009000","r","5",1,"tol_3.wav",4
"314","18","57","4.671","Hulutol","./sounds/cs/ratingcs/tol_20.wav","-1","target","labor8","2015-03-11_12.54.16.009000","r","5",0,"tol_20.wav",5
"315","18","57","7.155","Koleelup","./sounds/cs/ratingcs/lup_16.wav","0","cs1","labor8","2015-03-11_12.54.16.009000","l","10",0,"lup_16.wav",1
"316","18","53","2.379","Cocotol","./sounds/cs/ratingcs/tol_10.wav","-1","cs2","labor8","2015-03-11_12.54.16.009000","l","10",0,"tol_10.wav",6
"317","18","67","2.281","Befetol","./sounds/cs/ratingcs/tol_14.wav","1","target","labor8","2015-03-11_12.54.16.009000","r","5",0,"tol_14.wav",4
"318","18","47","3.359","Sesetol","./sounds/cs/ratingcs/tol_9.wav","-1","cs2","labor8","2015-03-11_12.54.16.009000","l","10",0,"tol_9.wav",7
"319","18","70","3.534","Cellanif","./sounds/cs/ratingcs/nif_1.wav","0","cs3","labor8","2015-03-11_12.54.16.009000","l","10",7,"nif_1.wav",0
"320","18","48","2.499","Rellnif","./sounds/cs/ratingcs/nif_6.wav","0","cs3","labor8","2015-03-11_12.54.16.009000","l","10",6,"nif_6.wav",0
"321","18","63","1.953","Moteelup","./sounds/cs/ratingcs/lup_19.wav","0","cs1","labor8","2015-03-11_12.54.16.009000","l","10",0,"lup_19.wav",1
"322","18","55","1.937","Siritol","./sounds/cs/ratingcs/tol_18.wav","-1","cs2","labor8","2015-03-11_12.54.16.009000","l","10",0,"tol_18.wav",6
"323","18","47","3.035","Kaneelup","./sounds/cs/ratingcs/lup_7.wav","0","cs1","labor8","2015-03-11_12.54.16.009000","l","10",0,"lup_7.wav",2
"324","18","58","2.5","Falatol","./sounds/cs/ratingcs/tol_4.wav","-1","cs2","labor8","2015-03-11_12.54.16.009000","l","10",0,"tol_4.wav",5
"325","19","61","4.722","Cellanif","./sounds/cs/ratingcs/nif_1.wav","0","cs1","labor5","2015-03-11_12.58.37.297000","l","10",0,"nif_1.wav",0
"326","19","29","3.536","Moteelup","./sounds/cs/ratingcs/lup_19.wav","-1","target","labor5","2015-03-11_12.58.37.297000","r","5",0,"lup_19.wav",5
"327","19","31","2.967","Wenaalup","./sounds/cs/ratingcs/lup_4.wav","-1","target","labor5","2015-03-11_12.58.37.297000","r","5",0,"lup_4.wav",5
"328","19","73","2.701","Bollanif","./sounds/cs/ratingcs/nif_8.wav","0","cs1","labor5","2015-03-11_12.58.37.297000","l","10",0,"nif_8.wav",0
"329","19","19","3.18","Nenetol","./sounds/cs/ratingcs/tol_19.wav","0","cs3","labor5","2015-03-11_12.58.37.297000","l","10",0,"tol_19.wav",0
"330","19","49","3.336","Istennif","./sounds/cs/ratingcs/nif_20.wav","0","cs1","labor5","2015-03-11_12.58.37.297000","l","10",0,"nif_20.wav",0
"331","19","51","4.391","Kissunif","./sounds/cs/ratingcs/nif_16.wav","0","cs1","labor5","2015-03-11_12.58.37.297000","l","10",0,"nif_16.wav",0
"332","19","20","3.206","Deekalup","./sounds/cs/ratingcs/lup_14.wav","1","target","labor5","2015-03-11_12.58.37.297000","r","5",0,"lup_14.wav",5
"333","19","22","3.378","Sesetol","./sounds/cs/ratingcs/tol_9.wav","0","cs3","labor5","2015-03-11_12.58.37.297000","l","10",0,"tol_9.wav",0
"334","19","41","2.934","Eekalup","./sounds/cs/ratingcs/lup_11.wav","1","cs2","labor5","2015-03-11_12.58.37.297000","l","10",0,"lup_11.wav",0
"335","19","61","2.779","Jessunif","./sounds/cs/ratingcs/nif_19.wav","0","cs1","labor5","2015-03-11_12.58.37.297000","l","10",0,"nif_19.wav",0
"336","19","71","3.618","Zallunif","./sounds/cs/ratingcs/nif_4.wav","0","cs1","labor5","2015-03-11_12.58.37.297000","l","10",0,"nif_4.wav",0
"337","19","31","2.929","Tesoolup","./sounds/cs/ratingcs/lup_13.wav","1","cs2","labor5","2015-03-11_12.58.37.297000","l","10",0,"lup_13.wav",0
"338","19","50","3.03","Lalatol","./sounds/cs/ratingcs/tol_1.wav","0","cs3","labor5","2015-03-11_12.58.37.297000","l","10",0,"tol_1.wav",0
"339","19","51","2.495","Lussanif","./sounds/cs/ratingcs/nif_18.wav","0","cs1","labor5","2015-03-11_12.58.37.297000","l","10",0,"nif_18.wav",0
"340","19","30","2.749","Tareelup","./sounds/cs/ratingcs/lup_8.wav","1","cs2","labor5","2015-03-11_12.58.37.297000","l","10",0,"lup_8.wav",0
"341","19","32","2.447","Piditol","./sounds/cs/ratingcs/tol_13.wav","0","cs3","labor5","2015-03-11_12.58.37.297000","l","10",0,"tol_13.wav",0
"342","19","31","2.662","Kaneelup","./sounds/cs/ratingcs/lup_7.wav","1","cs2","labor5","2015-03-11_12.58.37.297000","l","10",0,"lup_7.wav",0
"343","19","61","4.324","Eskannif","./sounds/cs/ratingcs/nif_2.wav","0","cs1","labor5","2015-03-11_12.58.37.297000","l","10",0,"nif_2.wav",0
"344","19","50","3.094","Saartelup","./sounds/cs/ratingcs/lup_10.wav","-1","cs2","labor5","2015-03-11_12.58.37.297000","l","10",0,"lup_10.wav",0
"345","19","30","2.871","Renetol","./sounds/cs/ratingcs/tol_5.wav","0","cs3","labor5","2015-03-11_12.58.37.297000","l","10",0,"tol_5.wav",0
"346","19","50","3.299","Reetolup","./sounds/cs/ratingcs/lup_15.wav","-1","cs2","labor5","2015-03-11_12.58.37.297000","l","10",0,"lup_15.wav",0
"347","19","50","2.742","Kennunif","./sounds/cs/ratingcs/nif_5.wav","0","cs1","labor5","2015-03-11_12.58.37.297000","l","10",0,"nif_5.wav",0
"348","19","50","2.709","Daanalup","./sounds/cs/ratingcs/lup_12.wav","-1","cs2","labor5","2015-03-11_12.58.37.297000","l","10",0,"lup_12.wav",0
"349","19","51","2.421","Baakelup","./sounds/cs/ratingcs/lup_20.wav","1","target","labor5","2015-03-11_12.58.37.297000","r","5",0,"lup_20.wav",5
"350","19","41","2.852","Dilitol","./sounds/cs/ratingcs/tol_8.wav","0","cs3","labor5","2015-03-11_12.58.37.297000","l","10",0,"tol_8.wav",0
"351","19","41","3.223","Reretol","./sounds/cs/ratingcs/tol_2.wav","0","cs3","labor5","2015-03-11_12.58.37.297000","l","10",0,"tol_2.wav",0
"352","19","40","2.628","Nanatol","./sounds/cs/ratingcs/tol_3.wav","0","cs3","labor5","2015-03-11_12.58.37.297000","l","10",0,"tol_3.wav",0
"353","19","47","3.219","Maasolup","./sounds/cs/ratingcs/lup_1.wav","-1","cs2","labor5","2015-03-11_12.58.37.297000","l","10",0,"lup_1.wav",0
"354","19","50","2.779","Neenolup","./sounds/cs/ratingcs/lup_2.wav","-1","cs2","labor5","2015-03-11_12.58.37.297000","l","10",0,"lup_2.wav",0
"355","19","60","2.879","Lebbunif","./sounds/cs/ratingcs/nif_3.wav","0","cs1","labor5","2015-03-11_12.58.37.297000","l","10",0,"nif_3.wav",0
"356","19","61","2.674","Waneelup","./sounds/cs/ratingcs/lup_6.wav","1","target","labor5","2015-03-11_12.58.37.297000","r","5",1,"lup_6.wav",4
"357","19","60","2.798","Mateelup","./sounds/cs/ratingcs/lup_9.wav","1","cs2","labor5","2015-03-11_12.58.37.297000","l","10",0,"lup_9.wav",0
"358","19","40","4.134","Spanatol","./sounds/cs/ratingcs/tol_16.wav","0","cs3","labor5","2015-03-11_12.58.37.297000","l","10",0,"tol_16.wav",0
"359","19","50","2.892","Daanilup","./sounds/cs/ratingcs/lup_17.wav","-1","target","labor5","2015-03-11_12.58.37.297000","r","5",1,"lup_17.wav",4
"360","19","41","3.848","Mofotol","./sounds/cs/ratingcs/tol_11.wav","0","cs3","labor5","2015-03-11_12.58.37.297000","l","10",0,"tol_11.wav",0
"362","21","70","10.505","Deretol","./sounds/cs/ratingcs/tol_12.wav","-1","target","labor8","2015-03-12_15.31.07.024000","r","5",1,"tol_12.wav",4
"363","21","50","3.929","Dimmanif","./sounds/cs/ratingcs/nif_11.wav","0","cs1","labor8","2015-03-12_15.31.07.024000","l","10",0,"nif_11.wav",1
"364","21","60","3.485","Nanatol","./sounds/cs/ratingcs/tol_3.wav","-1","cs2","labor8","2015-03-12_15.31.07.024000","l","10",1,"tol_3.wav",2
"365","21","50","3.55","Daanalup","./sounds/cs/ratingcs/lup_12.wav","0","cs3","labor8","2015-03-12_15.31.07.024000","l","10",4,"lup_12.wav",0
"366","21","50","2.985","Mateelup","./sounds/cs/ratingcs/lup_9.wav","0","cs3","labor8","2015-03-12_15.31.07.024000","l","10",2,"lup_9.wav",0
"367","21","60","2.931","Deekalup","./sounds/cs/ratingcs/lup_14.wav","0","cs3","labor8","2015-03-12_15.31.07.024000","l","10",5,"lup_14.wav",0
"368","21","60","3.288","Rellnif","./sounds/cs/ratingcs/nif_6.wav","0","cs1","labor8","2015-03-12_15.31.07.024000","l","10",0,"nif_6.wav",1
"369","21","56","3.311","Renetol","./sounds/cs/ratingcs/tol_5.wav","1","target","labor8","2015-03-12_15.31.07.024000","r","5",0,"tol_5.wav",5
"370","21","55","2.875","Dilitol","./sounds/cs/ratingcs/tol_8.wav","1","cs2","labor8","2015-03-12_15.31.07.024000","l","10",0,"tol_8.wav",0
"371","21","60","2.205","Nomotol","./sounds/cs/ratingcs/tol_7.wav","-1","target","labor8","2015-03-12_15.31.07.024000","r","5",1,"tol_7.wav",4
"372","21","50","2.163","Zallunif","./sounds/cs/ratingcs/nif_4.wav","0","cs1","labor8","2015-03-12_15.31.07.024000","l","10",0,"nif_4.wav",0
"373","21","51","1.882","Kattanif","./sounds/cs/ratingcs/nif_13.wav","0","cs1","labor8","2015-03-12_15.31.07.024000","l","10",0,"nif_13.wav",1
"374","21","50","1.648","Kissunif","./sounds/cs/ratingcs/nif_16.wav","0","cs1","labor8","2015-03-12_15.31.07.024000","l","10",1,"nif_16.wav",2
"375","21","50","1.988","Tesoolup","./sounds/cs/ratingcs/lup_13.wav","0","cs3","labor8","2015-03-12_15.31.07.024000","l","10",1,"lup_13.wav",0
"376","21","50","1.796","Sesetol","./sounds/cs/ratingcs/tol_9.wav","1","cs2","labor8","2015-03-12_15.31.07.024000","l","10",0,"tol_9.wav",4
"377","21","50","2.115","Daanilup","./sounds/cs/ratingcs/lup_17.wav","0","cs3","labor8","2015-03-12_15.31.07.024000","l","10",3,"lup_17.wav",0
"378","21","50","2.081","Spanatol","./sounds/cs/ratingcs/tol_16.wav","1","cs2","labor8","2015-03-12_15.31.07.024000","l","10",1,"tol_16.wav",3
"379","21","50","1.686","Zackatol","./sounds/cs/ratingcs/tol_17.wav","1","target","labor8","2015-03-12_15.31.07.024000","r","5",0,"tol_17.wav",4
"380","21","51","1.71","Missonif","./sounds/cs/ratingcs/nif_10.wav","0","cs1","labor8","2015-03-12_15.31.07.024000","l","10",0,"nif_10.wav",0
"381","21","55","2.47","Nenetol","./sounds/cs/ratingcs/tol_19.wav","-1","cs2","labor8","2015-03-12_15.31.07.024000","l","10",2,"tol_19.wav",4
"382","21","56","2.805","Hulutol","./sounds/cs/ratingcs/tol_20.wav","-1","cs2","labor8","2015-03-12_15.31.07.024000","l","10",0,"tol_20.wav",5
"383","21","50","2.156","Maasolup","./sounds/cs/ratingcs/lup_1.wav","0","cs3","labor8","2015-03-12_15.31.07.024000","l","10",0,"lup_1.wav",0
"384","21","50","1.951","Lussanif","./sounds/cs/ratingcs/nif_18.wav","0","cs1","labor8","2015-03-12_15.31.07.024000","l","10",0,"nif_18.wav",0
"385","21","50","2.369","Lalatol","./sounds/cs/ratingcs/tol_1.wav","-1","cs2","labor8","2015-03-12_15.31.07.024000","l","10",0,"tol_1.wav",5
"386","21","50","1.843","Dakatol","./sounds/cs/ratingcs/tol_6.wav","-1","target","labor8","2015-03-12_15.31.07.024000","r","5",0,"tol_6.wav",5
"387","21","50","1.924","Omeelup","./sounds/cs/ratingcs/lup_3.wav","0","cs3","labor8","2015-03-12_15.31.07.024000","l","10",4,"lup_3.wav",0
"388","21","53","2.253","Siritol","./sounds/cs/ratingcs/tol_18.wav","1","cs2","labor8","2015-03-12_15.31.07.024000","l","10",0,"tol_18.wav",3
"389","21","50","2.508","Eekalup","./sounds/cs/ratingcs/lup_11.wav","0","cs3","labor8","2015-03-12_15.31.07.024000","l","10",5,"lup_11.wav",0
"390","21","50","2.082","Kennunif","./sounds/cs/ratingcs/nif_5.wav","0","cs1","labor8","2015-03-12_15.31.07.024000","l","10",0,"nif_5.wav",0
"391","21","54","3.178","Eskannif","./sounds/cs/ratingcs/nif_2.wav","0","cs1","labor8","2015-03-12_15.31.07.024000","l","10",0,"nif_2.wav",0
"392","21","50","3.58","Moteelup","./sounds/cs/ratingcs/lup_19.wav","0","cs3","labor8","2015-03-12_15.31.07.024000","l","10",0,"lup_19.wav",0
"393","21","50","1.92","Reretol","./sounds/cs/ratingcs/tol_2.wav","1","target","labor8","2015-03-12_15.31.07.024000","r","5",0,"tol_2.wav",4
"394","21","49","2.29","Lebbunif","./sounds/cs/ratingcs/nif_3.wav","0","cs1","labor8","2015-03-12_15.31.07.024000","l","10",0,"nif_3.wav",0
"395","21","46","1.914","Mofotol","./sounds/cs/ratingcs/tol_11.wav","1","cs2","labor8","2015-03-12_15.31.07.024000","l","10",1,"tol_11.wav",0
"396","21","43","3.39","Cocotol","./sounds/cs/ratingcs/tol_10.wav","-1","cs2","labor8","2015-03-12_15.31.07.024000","l","10",0,"tol_10.wav",1
"397","21","49","3.096","Waneelup","./sounds/cs/ratingcs/lup_6.wav","0","cs3","labor8","2015-03-12_15.31.07.024000","l","10",3,"lup_6.wav",0
"398","2","11","6.932","Rellnif","./sounds/cs/ratingcs/nif_6.wav","0","cs3","labor2","2015-03-04_11.08.49.598000","l","10",4,"nif_6.wav",0
"399","2","20","5.217","Reretol","./sounds/cs/ratingcs/tol_2.wav","-1","cs2","labor2","2015-03-04_11.08.49.598000","l","10",2,"tol_2.wav",5
"400","2","44","3.4","Nomotol","./sounds/cs/ratingcs/tol_7.wav","1","target","labor2","2015-03-04_11.08.49.598000","r","5",0,"tol_7.wav",0
"401","2","12","3.42","Baakelup","./sounds/cs/ratingcs/lup_20.wav","0","cs1","labor2","2015-03-04_11.08.49.598000","l","10",2,"lup_20.wav",2
"402","2","10","4.369","Lussanif","./sounds/cs/ratingcs/nif_18.wav","0","cs3","labor2","2015-03-04_11.08.49.598000","l","10",3,"nif_18.wav",0
"403","2","8","7.736","Sesetol","./sounds/cs/ratingcs/tol_9.wav","-1","cs2","labor2","2015-03-04_11.08.49.598000","l","10",4,"tol_9.wav",4
"404","2","12","4.884","Eskannif","./sounds/cs/ratingcs/nif_2.wav","0","cs3","labor2","2015-03-04_11.08.49.598000","l","10",5,"nif_2.wav",0
"405","2","1","3.534","Mateelup","./sounds/cs/ratingcs/lup_9.wav","0","cs1","labor2","2015-03-04_11.08.49.598000","l","10",2,"lup_9.wav",3
"406","2","14","3.867","Spanatol","./sounds/cs/ratingcs/tol_16.wav","1","cs2","labor2","2015-03-04_11.08.49.598000","l","10",4,"tol_16.wav",6
"407","2","16","2.677","Mofotol","./sounds/cs/ratingcs/tol_11.wav","1","target","labor2","2015-03-04_11.08.49.598000","r","5",0,"tol_11.wav",1
"408","2","12","2.988","Deretol","./sounds/cs/ratingcs/tol_12.wav","-1","cs2","labor2","2015-03-04_11.08.49.598000","l","10",5,"tol_12.wav",4
"409","2","20","3.617","Omeelup","./sounds/cs/ratingcs/lup_3.wav","0","cs1","labor2","2015-03-04_11.08.49.598000","l","10",0,"lup_3.wav",5
"410","2","14","3.43","Renetol","./sounds/cs/ratingcs/tol_5.wav","1","cs2","labor2","2015-03-04_11.08.49.598000","l","10",3,"tol_5.wav",3
"411","2","9","3.264","Istennif","./sounds/cs/ratingcs/nif_20.wav","0","cs3","labor2","2015-03-04_11.08.49.598000","l","10",6,"nif_20.wav",0
"412","2","10","3.764","Rustutol","./sounds/cs/ratingcs/tol_15.wav","1","cs2","labor2","2015-03-04_11.08.49.598000","l","10",1,"tol_15.wav",5
"413","2","13","13.288","Koleelup","./sounds/cs/ratingcs/lup_16.wav","0","cs1","labor2","2015-03-04_11.08.49.598000","l","10",3,"lup_16.wav",2
"414","2","17","5.051","Kattanif","./sounds/cs/ratingcs/nif_13.wav","0","cs3","labor2","2015-03-04_11.08.49.598000","l","10",5,"nif_13.wav",0
"415","2","20","3.032","Kaneelup","./sounds/cs/ratingcs/lup_7.wav","0","cs1","labor2","2015-03-04_11.08.49.598000","l","10",2,"lup_7.wav",4
"416","2","14","5.328","Dakatol","./sounds/cs/ratingcs/tol_6.wav","-1","cs2","labor2","2015-03-04_11.08.49.598000","l","10",5,"tol_6.wav",5
"417","2","20","7.17","Dimmanif","./sounds/cs/ratingcs/nif_11.wav","0","cs3","labor2","2015-03-04_11.08.49.598000","l","10",5,"nif_11.wav",0
"418","2","10","7.02","Dilitol","./sounds/cs/ratingcs/tol_8.wav","1","target","labor2","2015-03-04_11.08.49.598000","r","5",0,"tol_8.wav",0
"419","2","42","6.165","Nenetol","./sounds/cs/ratingcs/tol_19.wav","-1","cs2","labor2","2015-03-04_11.08.49.598000","l","10",5,"tol_19.wav",3
"420","2","13","3.824","Wenaalup","./sounds/cs/ratingcs/lup_4.wav","0","cs1","labor2","2015-03-04_11.08.49.598000","l","10",2,"lup_4.wav",3
"421","2","10","8.37","Bollanif","./sounds/cs/ratingcs/nif_8.wav","0","cs3","labor2","2015-03-04_11.08.49.598000","l","10",4,"nif_8.wav",0
"422","2","14","9.34","Neenolup","./sounds/cs/ratingcs/lup_2.wav","0","cs1","labor2","2015-03-04_11.08.49.598000","l","10",0,"lup_2.wav",4
"423","2","19","3.475","Jessunif","./sounds/cs/ratingcs/nif_19.wav","0","cs3","labor2","2015-03-04_11.08.49.598000","l","10",4,"nif_19.wav",0
"424","2","12","3.153","Cocotol","./sounds/cs/ratingcs/tol_10.wav","-1","target","labor2","2015-03-04_11.08.49.598000","r","5",1,"tol_10.wav",0
"425","2","20","2.957","Teppanif","./sounds/cs/ratingcs/nif_15.wav","0","cs3","labor2","2015-03-04_11.08.49.598000","l","10",4,"nif_15.wav",0
"426","2","11","3.657","Falatol","./sounds/cs/ratingcs/tol_4.wav","1","cs2","labor2","2015-03-04_11.08.49.598000","l","10",3,"tol_4.wav",4
"427","2","12","2.639","Siritol","./sounds/cs/ratingcs/tol_18.wav","1","cs2","labor2","2015-03-04_11.08.49.598000","l","10",2,"tol_18.wav",4
"428","2","14","5.086","Daanilup","./sounds/cs/ratingcs/lup_17.wav","0","cs1","labor2","2015-03-04_11.08.49.598000","l","10",1,"lup_17.wav",5
"429","2","10","4.215","Saartelup","./sounds/cs/ratingcs/lup_10.wav","0","cs1","labor2","2015-03-04_11.08.49.598000","l","10",2,"lup_10.wav",5
"430","2","20","2.965","Lalatol","./sounds/cs/ratingcs/tol_1.wav","-1","target","labor2","2015-03-04_11.08.49.598000","r","5",0,"tol_1.wav",0
"431","2","15","3.743","Tareelup","./sounds/cs/ratingcs/lup_8.wav","0","cs1","labor2","2015-03-04_11.08.49.598000","l","10",1,"lup_8.wav",1
"432","2","11","3.212","Allanif","./sounds/cs/ratingcs/nif_7.wav","0","cs3","labor2","2015-03-04_11.08.49.598000","l","10",3,"nif_7.wav",0
"433","2","24","3.336","Nanatol","./sounds/cs/ratingcs/tol_3.wav","-1","target","labor2","2015-03-04_11.08.49.598000","r","5",0,"tol_3.wav",0
"434","3","53","5.505","Baakelup","./sounds/cs/ratingcs/lup_20.wav","-1","cs2","labor2","2015-03-04_13.30.19.150000","l","10",0,"lup_20.wav",0
"435","3","60","3.618","Waneelup","./sounds/cs/ratingcs/lup_6.wav","1","cs2","labor2","2015-03-04_13.30.19.150000","l","10",0,"lup_6.wav",0
"436","3","47","2.777","Nenetol","./sounds/cs/ratingcs/tol_19.wav","0","cs1","labor2","2015-03-04_13.30.19.150000","l","10",0,"tol_19.wav",0
"437","3","39","2.869","Sesetol","./sounds/cs/ratingcs/tol_9.wav","0","cs1","labor2","2015-03-04_13.30.19.150000","l","10",0,"tol_9.wav",0
"438","3","45","3.684","Tareelup","./sounds/cs/ratingcs/lup_8.wav","-1","cs2","labor2","2015-03-04_13.30.19.150000","l","10",0,"lup_8.wav",0
"439","3","63","3.525","Dimmanif","./sounds/cs/ratingcs/nif_11.wav","0","cs3","labor2","2015-03-04_13.30.19.150000","l","10",0,"nif_11.wav",0
"440","3","44","3.242","Wenaalup","./sounds/cs/ratingcs/lup_4.wav","1","target","labor2","2015-03-04_13.30.19.150000","r","5",0,"lup_4.wav",5
"441","3","24","3.277","Jessunif","./sounds/cs/ratingcs/nif_19.wav","0","cs3","labor2","2015-03-04_13.30.19.150000","l","10",0,"nif_19.wav",0
"442","3","72","2.563","Allanif","./sounds/cs/ratingcs/nif_7.wav","0","cs3","labor2","2015-03-04_13.30.19.150000","l","10",0,"nif_7.wav",0
"443","3","14","2.38","Daanilup","./sounds/cs/ratingcs/lup_17.wav","-1","target","labor2","2015-03-04_13.30.19.150000","r","5",0,"lup_17.wav",5
"444","3","55","2.186","Mateelup","./sounds/cs/ratingcs/lup_9.wav","1","cs2","labor2","2015-03-04_13.30.19.150000","l","10",0,"lup_9.wav",0
"445","3","68","2.718","Bollanif","./sounds/cs/ratingcs/nif_8.wav","0","cs3","labor2","2015-03-04_13.30.19.150000","l","10",0,"nif_8.wav",0
"446","3","39","2.203","Befetol","./sounds/cs/ratingcs/tol_14.wav","0","cs1","labor2","2015-03-04_13.30.19.150000","l","10",0,"tol_14.wav",0
"447","3","80","2.272","Maasolup","./sounds/cs/ratingcs/lup_1.wav","-1","target","labor2","2015-03-04_13.30.19.150000","r","5",1,"lup_1.wav",4
"448","3","57","2.022","Issanif","./sounds/cs/ratingcs/nif_9.wav","0","cs3","labor2","2015-03-04_13.30.19.150000","l","10",0,"nif_9.wav",0
"449","3","23","2.302","Teppanif","./sounds/cs/ratingcs/nif_15.wav","0","cs3","labor2","2015-03-04_13.30.19.150000","l","10",0,"nif_15.wav",0
"450","3","45","2.533","Siritol","./sounds/cs/ratingcs/tol_18.wav","0","cs1","labor2","2015-03-04_13.30.19.150000","l","10",0,"tol_18.wav",0
"451","3","33","2.507","Dilitol","./sounds/cs/ratingcs/tol_8.wav","0","cs1","labor2","2015-03-04_13.30.19.150000","l","10",0,"tol_8.wav",0
"452","3","44","3.144","Spanatol","./sounds/cs/ratingcs/tol_16.wav","0","cs1","labor2","2015-03-04_13.30.19.150000","l","10",0,"tol_16.wav",0
"453","3","60","2.625","Nanatol","./sounds/cs/ratingcs/tol_3.wav","0","cs1","labor2","2015-03-04_13.30.19.150000","l","10",0,"tol_3.wav",0
"454","3","38","2.966","Rellnif","./sounds/cs/ratingcs/nif_6.wav","0","cs3","labor2","2015-03-04_13.30.19.150000","l","10",0,"nif_6.wav",0
"455","3","48","1.873","Falatol","./sounds/cs/ratingcs/tol_4.wav","0","cs1","labor2","2015-03-04_13.30.19.150000","l","10",0,"tol_4.wav",0
"456","3","75","2.817","Deretol","./sounds/cs/ratingcs/tol_12.wav","0","cs1","labor2","2015-03-04_13.30.19.150000","l","10",0,"tol_12.wav",0
"457","3","29","2.063","Saartelup","./sounds/cs/ratingcs/lup_10.wav","1","cs2","labor2","2015-03-04_13.30.19.150000","l","10",0,"lup_10.wav",0
"458","3","45","1.725","Missonif","./sounds/cs/ratingcs/nif_10.wav","0","cs3","labor2","2015-03-04_13.30.19.150000","l","10",0,"nif_10.wav",0
"459","3","39","4.045","Deekalup","./sounds/cs/ratingcs/lup_14.wav","1","target","labor2","2015-03-04_13.30.19.150000","r","5",0,"lup_14.wav",4
"460","3","11","3.062","Tesoolup","./sounds/cs/ratingcs/lup_13.wav","1","cs2","labor2","2015-03-04_13.30.19.150000","l","10",0,"lup_13.wav",0
"461","3","42","2.971","Kaneelup","./sounds/cs/ratingcs/lup_7.wav","1","cs2","labor2","2015-03-04_13.30.19.150000","l","10",0,"lup_7.wav",0
"462","3","54","3.177","Zackatol","./sounds/cs/ratingcs/tol_17.wav","0","cs1","labor2","2015-03-04_13.30.19.150000","l","10",0,"tol_17.wav",0
"463","3","63","2.722","Koleelup","./sounds/cs/ratingcs/lup_16.wav","-1","cs2","labor2","2015-03-04_13.30.19.150000","l","10",0,"lup_16.wav",0
"464","3","55","2.42","Daanalup","./sounds/cs/ratingcs/lup_12.wav","-1","target","labor2","2015-03-04_13.30.19.150000","r","5",1,"lup_12.wav",5
"465","3","42","3.196","Istennif","./sounds/cs/ratingcs/nif_20.wav","0","cs3","labor2","2015-03-04_13.30.19.150000","l","10",0,"nif_20.wav",0
"466","3","19","2.436","Unoolup","./sounds/cs/ratingcs/lup_18.wav","-1","cs2","labor2","2015-03-04_13.30.19.150000","l","10",0,"lup_18.wav",0
"467","3","42","2.453","Eekalup","./sounds/cs/ratingcs/lup_11.wav","1","target","labor2","2015-03-04_13.30.19.150000","r","5",2,"lup_11.wav",3
"468","3","52","2.06","Zallunif","./sounds/cs/ratingcs/nif_4.wav","0","cs3","labor2","2015-03-04_13.30.19.150000","l","10",0,"nif_4.wav",0
"469","3","70","2.494","Omeelup","./sounds/cs/ratingcs/lup_3.wav","-1","cs2","labor2","2015-03-04_13.30.19.150000","l","10",0,"lup_3.wav",0
"470","4","70","13.611","Sesetol","./sounds/cs/ratingcs/tol_9.wav","1","target","labor8","2015-03-04_13.34.51.390000","r","5",0,"tol_9.wav",5
"471","4","50","8.514","Nenetol","./sounds/cs/ratingcs/tol_19.wav","-1","cs2","labor8","2015-03-04_13.34.51.390000","l","10",0,"tol_19.wav",0
"472","4","80","10.066","Bollanif","./sounds/cs/ratingcs/nif_8.wav","0","cs3","labor8","2015-03-04_13.34.51.390000","l","10",0,"nif_8.wav",0
"473","4","50","6.242","Nomotol","./sounds/cs/ratingcs/tol_7.wav","-1","target","labor8","2015-03-04_13.34.51.390000","r","5",1,"tol_7.wav",4
"474","4","39","9.619","Istennif","./sounds/cs/ratingcs/nif_20.wav","0","cs3","labor8","2015-03-04_13.34.51.390000","l","10",0,"nif_20.wav",0
"475","4","80","11.66","Tareelup","./sounds/cs/ratingcs/lup_8.wav","0","cs1","labor8","2015-03-04_13.34.51.390000","l","10",0,"lup_8.wav",0
"476","4","40","12.175","Mateelup","./sounds/cs/ratingcs/lup_9.wav","0","cs1","labor8","2015-03-04_13.34.51.390000","l","10",0,"lup_9.wav",0
"477","4","40","9.962","Dakatol","./sounds/cs/ratingcs/tol_6.wav","-1","cs2","labor8","2015-03-04_13.34.51.390000","l","10",0,"tol_6.wav",0
"478","4","70","9.247","Piditol","./sounds/cs/ratingcs/tol_13.wav","-1","target","labor8","2015-03-04_13.34.51.390000","r","5",0,"tol_13.wav",5
"479","4","60","3.972","Cocotol","./sounds/cs/ratingcs/tol_10.wav","1","target","labor8","2015-03-04_13.34.51.390000","r","5",0,"tol_10.wav",2
"480","4","60","5.597","Spanatol","./sounds/cs/ratingcs/tol_16.wav","-1","cs2","labor8","2015-03-04_13.34.51.390000","l","10",0,"tol_16.wav",0
"481","4","39","8.682","Kennunif","./sounds/cs/ratingcs/nif_5.wav","0","cs3","labor8","2015-03-04_13.34.51.390000","l","10",0,"nif_5.wav",0
"482","4","70","8.055","Daanilup","./sounds/cs/ratingcs/lup_17.wav","0","cs1","labor8","2015-03-04_13.34.51.390000","l","10",0,"lup_17.wav",0
"483","4","40","8.021","Befetol","./sounds/cs/ratingcs/tol_14.wav","1","cs2","labor8","2015-03-04_13.34.51.390000","l","10",0,"tol_14.wav",0
"484","4","39","5.377","Missonif","./sounds/cs/ratingcs/nif_10.wav","0","cs3","labor8","2015-03-04_13.34.51.390000","l","10",1,"nif_10.wav",0
"485","4","70","5.01","Nanatol","./sounds/cs/ratingcs/tol_3.wav","1","cs2","labor8","2015-03-04_13.34.51.390000","l","10",0,"tol_3.wav",0
"486","4","60","12.464","Reetolup","./sounds/cs/ratingcs/lup_15.wav","0","cs1","labor8","2015-03-04_13.34.51.390000","l","10",0,"lup_15.wav",0
"487","4","70","5.251","Moteelup","./sounds/cs/ratingcs/lup_19.wav","0","cs1","labor8","2015-03-04_13.34.51.390000","l","10",0,"lup_19.wav",0
"488","4","50","4.988","Mofotol","./sounds/cs/ratingcs/tol_11.wav","1","cs2","labor8","2015-03-04_13.34.51.390000","l","10",0,"tol_11.wav",0
"489","4","80","10.841","Zackatol","./sounds/cs/ratingcs/tol_17.wav","1","cs2","labor8","2015-03-04_13.34.51.390000","l","10",0,"tol_17.wav",0
"490","4","60","7.135","Dullanif","./sounds/cs/ratingcs/nif_14.wav","0","cs3","labor8","2015-03-04_13.34.51.390000","l","10",0,"nif_14.wav",1
"491","4","60","7.172","Dilitol","./sounds/cs/ratingcs/tol_8.wav","1","target","labor8","2015-03-04_13.34.51.390000","r","5",0,"tol_8.wav",5
"492","4","70","3.948","Hulutol","./sounds/cs/ratingcs/tol_20.wav","-1","target","labor8","2015-03-04_13.34.51.390000","r","5",0,"tol_20.wav",5
"493","4","50","7.951","Renetol","./sounds/cs/ratingcs/tol_5.wav","1","cs2","labor8","2015-03-04_13.34.51.390000","l","10",0,"tol_5.wav",0
"494","4","40","7.285","Toleelup","./sounds/cs/ratingcs/lup_5.wav","0","cs1","labor8","2015-03-04_13.34.51.390000","l","10",0,"lup_5.wav",0
"495","4","40","11.201","Koleelup","./sounds/cs/ratingcs/lup_16.wav","0","cs1","labor8","2015-03-04_13.34.51.390000","l","10",0,"lup_16.wav",0
"496","4","50","5.206","Rellnif","./sounds/cs/ratingcs/nif_6.wav","0","cs3","labor8","2015-03-04_13.34.51.390000","l","10",0,"nif_6.wav",0
"497","4","60","6.787","Deekalup","./sounds/cs/ratingcs/lup_14.wav","0","cs1","labor8","2015-03-04_13.34.51.390000","l","10",0,"lup_14.wav",0
"498","4","60","4.265","Waneelup","./sounds/cs/ratingcs/lup_6.wav","0","cs1","labor8","2015-03-04_13.34.51.390000","l","10",0,"lup_6.wav",0
"499","4","50","5.228","Maasolup","./sounds/cs/ratingcs/lup_1.wav","0","cs1","labor8","2015-03-04_13.34.51.390000","l","10",0,"lup_1.wav",0
"500","4","50","6.764","Rustutol","./sounds/cs/ratingcs/tol_15.wav","-1","cs2","labor8","2015-03-04_13.34.51.390000","l","10",0,"tol_15.wav",0
"501","4","40","6.52","Kissunif","./sounds/cs/ratingcs/nif_16.wav","0","cs3","labor8","2015-03-04_13.34.51.390000","l","10",0,"nif_16.wav",0
"502","4","40","6.093","Zallunif","./sounds/cs/ratingcs/nif_4.wav","0","cs3","labor8","2015-03-04_13.34.51.390000","l","10",0,"nif_4.wav",0
"503","4","60","4.849","Eskannif","./sounds/cs/ratingcs/nif_2.wav","0","cs3","labor8","2015-03-04_13.34.51.390000","l","10",0,"nif_2.wav",0
"504","4","60","4.212","Siritol","./sounds/cs/ratingcs/tol_18.wav","-1","cs2","labor8","2015-03-04_13.34.51.390000","l","10",0,"tol_18.wav",1
"505","4","60","6.278","Cellanif","./sounds/cs/ratingcs/nif_1.wav","0","cs3","labor8","2015-03-04_13.34.51.390000","l","10",0,"nif_1.wav",0
"506","5","25","17.568","Dakatol","./sounds/cs/ratingcs/tol_6.wav","-1","cs2","labor8","2015-03-05_13.06.23.230000","l","10",0,"tol_6.wav",0
"507","5","31","4.334","Lalatol","./sounds/cs/ratingcs/tol_1.wav","-1","cs2","labor8","2015-03-05_13.06.23.230000","l","10",0,"tol_1.wav",0
"508","5","10","5.168","Issanif","./sounds/cs/ratingcs/nif_9.wav","0","cs3","labor8","2015-03-05_13.06.23.230000","l","10",0,"nif_9.wav",0
"509","5","19","2.162","Falatol","./sounds/cs/ratingcs/tol_4.wav","-1","cs2","labor8","2015-03-05_13.06.23.230000","l","10",0,"tol_4.wav",0
"510","5","27","2.91","Kattanif","./sounds/cs/ratingcs/nif_13.wav","0","cs3","labor8","2015-03-05_13.06.23.230000","l","10",0,"nif_13.wav",0
"511","5","26","3.492","Renetol","./sounds/cs/ratingcs/tol_5.wav","1","target","labor8","2015-03-05_13.06.23.230000","r","5",0,"tol_5.wav",5
"512","5","20","2.308","Nenetol","./sounds/cs/ratingcs/tol_19.wav","-1","target","labor8","2015-03-05_13.06.23.230000","r","5",1,"tol_19.wav",4
"513","5","30","5.962","Missonif","./sounds/cs/ratingcs/nif_10.wav","0","cs3","labor8","2015-03-05_13.06.23.230000","l","10",0,"nif_10.wav",0
"514","5","29","3.638","Lussanif","./sounds/cs/ratingcs/nif_18.wav","0","cs3","labor8","2015-03-05_13.06.23.230000","l","10",0,"nif_18.wav",0
"515","5","20","2.939","Siritol","./sounds/cs/ratingcs/tol_18.wav","-1","cs2","labor8","2015-03-05_13.06.23.230000","l","10",0,"tol_18.wav",0
"516","5","10","2.167","Rustutol","./sounds/cs/ratingcs/tol_15.wav","-1","target","labor8","2015-03-05_13.06.23.230000","r","5",2,"tol_15.wav",3
"517","5","37","3.307","Maasolup","./sounds/cs/ratingcs/lup_1.wav","0","cs1","labor8","2015-03-05_13.06.23.230000","l","10",0,"lup_1.wav",0
"518","5","20","1.928","Dilitol","./sounds/cs/ratingcs/tol_8.wav","-1","target","labor8","2015-03-05_13.06.23.230000","r","5",1,"tol_8.wav",3
"519","5","27","2.888","Kaneelup","./sounds/cs/ratingcs/lup_7.wav","0","cs1","labor8","2015-03-05_13.06.23.230000","l","10",0,"lup_7.wav",0
"520","5","28","2.296","Mateelup","./sounds/cs/ratingcs/lup_9.wav","0","cs1","labor8","2015-03-05_13.06.23.230000","l","10",0,"lup_9.wav",0
"521","5","24","4.261","Daanilup","./sounds/cs/ratingcs/lup_17.wav","0","cs1","labor8","2015-03-05_13.06.23.230000","l","10",0,"lup_17.wav",0
"522","5","24","2.727","Wenaalup","./sounds/cs/ratingcs/lup_4.wav","0","cs1","labor8","2015-03-05_13.06.23.230000","l","10",0,"lup_4.wav",0
"523","5","26","5.232","Reretol","./sounds/cs/ratingcs/tol_2.wav","1","cs2","labor8","2015-03-05_13.06.23.230000","l","10",0,"tol_2.wav",0
"524","5","32","4.016","Neenolup","./sounds/cs/ratingcs/lup_2.wav","0","cs1","labor8","2015-03-05_13.06.23.230000","l","10",0,"lup_2.wav",0
"525","5","29","2.91","Waneelup","./sounds/cs/ratingcs/lup_6.wav","0","cs1","labor8","2015-03-05_13.06.23.230000","l","10",0,"lup_6.wav",0
"526","5","20","2.436","Nomotol","./sounds/cs/ratingcs/tol_7.wav","1","cs2","labor8","2015-03-05_13.06.23.230000","l","10",0,"tol_7.wav",0
"527","5","21","1.931","Cocotol","./sounds/cs/ratingcs/tol_10.wav","1","target","labor8","2015-03-05_13.06.23.230000","r","5",1,"tol_10.wav",4
"528","5","17","4.377","Toleelup","./sounds/cs/ratingcs/lup_5.wav","0","cs1","labor8","2015-03-05_13.06.23.230000","l","10",0,"lup_5.wav",0
"529","5","16","3.05","Tareelup","./sounds/cs/ratingcs/lup_8.wav","0","cs1","labor8","2015-03-05_13.06.23.230000","l","10",0,"lup_8.wav",0
"530","5","25","2.905","Piditol","./sounds/cs/ratingcs/tol_13.wav","-1","cs2","labor8","2015-03-05_13.06.23.230000","l","10",0,"tol_13.wav",0
"531","5","19","3.868","Kennunif","./sounds/cs/ratingcs/nif_5.wav","0","cs3","labor8","2015-03-05_13.06.23.230000","l","10",0,"nif_5.wav",0
"532","5","28","2.066","Nanatol","./sounds/cs/ratingcs/tol_3.wav","1","cs2","labor8","2015-03-05_13.06.23.230000","l","10",0,"tol_3.wav",0
"533","5","28","1.872","Dimmanif","./sounds/cs/ratingcs/nif_11.wav","0","cs3","labor8","2015-03-05_13.06.23.230000","l","10",0,"nif_11.wav",0
"534","5","21","11.465","Sesetol","./sounds/cs/ratingcs/tol_9.wav","1","cs2","labor8","2015-03-05_13.06.23.230000","l","10",0,"tol_9.wav",0
"535","5","13","2.052","Deretol","./sounds/cs/ratingcs/tol_12.wav","1","target","labor8","2015-03-05_13.06.23.230000","r","5",4,"tol_12.wav",1
"536","5","18","2.936","Hulutol","./sounds/cs/ratingcs/tol_20.wav","1","cs2","labor8","2015-03-05_13.06.23.230000","l","10",0,"tol_20.wav",0
"537","5","23","2.21","Allanif","./sounds/cs/ratingcs/nif_7.wav","0","cs3","labor8","2015-03-05_13.06.23.230000","l","10",0,"nif_7.wav",0
"538","5","25","2.595","Istennif","./sounds/cs/ratingcs/nif_20.wav","0","cs3","labor8","2015-03-05_13.06.23.230000","l","10",0,"nif_20.wav",0
"539","5","19","2.456","Reetolup","./sounds/cs/ratingcs/lup_15.wav","0","cs1","labor8","2015-03-05_13.06.23.230000","l","10",0,"lup_15.wav",0
"540","5","25","2.224","Dullanif","./sounds/cs/ratingcs/nif_14.wav","0","cs3","labor8","2015-03-05_13.06.23.230000","l","10",0,"nif_14.wav",0
"541","5","23","4.549","Eskannif","./sounds/cs/ratingcs/nif_2.wav","0","cs3","labor8","2015-03-05_13.06.23.230000","l","10",0,"nif_2.wav",0
"542","6","95","11.137","Reetolup","./sounds/cs/ratingcs/lup_15.wav","-1","target","labor2","2015-03-05_15.04.57.315000","r","5",0,"lup_15.wav",5
"543","6","70","4.706","Kaneelup","./sounds/cs/ratingcs/lup_7.wav","1","target","labor2","2015-03-05_15.04.57.315000","r","5",0,"lup_7.wav",4
"544","6","65","6.521","Missonif","./sounds/cs/ratingcs/nif_10.wav","0","cs1","labor2","2015-03-05_15.04.57.315000","l","10",0,"nif_10.wav",0
"545","6","48","4.267","Cellanif","./sounds/cs/ratingcs/nif_1.wav","0","cs1","labor2","2015-03-05_15.04.57.315000","l","10",0,"nif_1.wav",0
"546","6","40","4.189","Moteelup","./sounds/cs/ratingcs/lup_19.wav","1","cs2","labor2","2015-03-05_15.04.57.315000","l","10",0,"lup_19.wav",0
"547","6","34","5.162","Mateelup","./sounds/cs/ratingcs/lup_9.wav","1","target","labor2","2015-03-05_15.04.57.315000","r","5",0,"lup_9.wav",5
"548","6","85","6.381","Lalatol","./sounds/cs/ratingcs/tol_1.wav","0","cs3","labor2","2015-03-05_15.04.57.315000","l","10",0,"tol_1.wav",0
"549","6","53","6.198","Deretol","./sounds/cs/ratingcs/tol_12.wav","0","cs3","labor2","2015-03-05_15.04.57.315000","l","10",0,"tol_12.wav",0
"550","6","60","4.083","Unoolup","./sounds/cs/ratingcs/lup_18.wav","1","cs2","labor2","2015-03-05_15.04.57.315000","l","10",0,"lup_18.wav",0
"551","6","50","9.502","Deekalup","./sounds/cs/ratingcs/lup_14.wav","-1","cs2","labor2","2015-03-05_15.04.57.315000","l","10",0,"lup_14.wav",0
"552","6","55","3.654","Daanilup","./sounds/cs/ratingcs/lup_17.wav","-1","cs2","labor2","2015-03-05_15.04.57.315000","l","10",0,"lup_17.wav",0
"553","6","40","4.248","Dakatol","./sounds/cs/ratingcs/tol_6.wav","0","cs3","labor2","2015-03-05_15.04.57.315000","l","10",0,"tol_6.wav",0
"554","6","55","4.682","Eskannif","./sounds/cs/ratingcs/nif_2.wav","0","cs1","labor2","2015-03-05_15.04.57.315000","l","10",0,"nif_2.wav",0
"555","6","30","3.649","Wenaalup","./sounds/cs/ratingcs/lup_4.wav","1","target","labor2","2015-03-05_15.04.57.315000","r","5",0,"lup_4.wav",5
"556","6","50","7.369","Neenolup","./sounds/cs/ratingcs/lup_2.wav","1","cs2","labor2","2015-03-05_15.04.57.315000","l","10",0,"lup_2.wav",0
"557","6","80","6.243","Teppanif","./sounds/cs/ratingcs/nif_15.wav","0","cs1","labor2","2015-03-05_15.04.57.315000","l","10",0,"nif_15.wav",0
"558","6","40","6.144","Tareelup","./sounds/cs/ratingcs/lup_8.wav","-1","cs2","labor2","2015-03-05_15.04.57.315000","l","10",0,"lup_8.wav",0
"559","6","40","6.001","Waneelup","./sounds/cs/ratingcs/lup_6.wav","1","cs2","labor2","2015-03-05_15.04.57.315000","l","10",0,"lup_6.wav",0
"560","6","95","4.93","Maasolup","./sounds/cs/ratingcs/lup_1.wav","-1","target","labor2","2015-03-05_15.04.57.315000","r","5",0,"lup_1.wav",5
"561","6","33","12.531","Renetol","./sounds/cs/ratingcs/tol_5.wav","0","cs3","labor2","2015-03-05_15.04.57.315000","l","10",0,"tol_5.wav",0
"562","6","51","5.297","Omeelup","./sounds/cs/ratingcs/lup_3.wav","1","cs2","labor2","2015-03-05_15.04.57.315000","l","10",0,"lup_3.wav",0
"563","6","42","3.917","Istennif","./sounds/cs/ratingcs/nif_20.wav","0","cs1","labor2","2015-03-05_15.04.57.315000","l","10",0,"nif_20.wav",0
"564","6","80","5.236","Mofotol","./sounds/cs/ratingcs/tol_11.wav","0","cs3","labor2","2015-03-05_15.04.57.315000","l","10",0,"tol_11.wav",0
"565","6","40","3.932","Jessunif","./sounds/cs/ratingcs/nif_19.wav","0","cs1","labor2","2015-03-05_15.04.57.315000","l","10",0,"nif_19.wav",1
"566","6","60","4.199","Baakelup","./sounds/cs/ratingcs/lup_20.wav","-1","cs2","labor2","2015-03-05_15.04.57.315000","l","10",1,"lup_20.wav",0
"567","6","55","7.136","Lebbunif","./sounds/cs/ratingcs/nif_3.wav","0","cs1","labor2","2015-03-05_15.04.57.315000","l","10",0,"nif_3.wav",0
"568","6","65","3.378","Befetol","./sounds/cs/ratingcs/tol_14.wav","0","cs3","labor2","2015-03-05_15.04.57.315000","l","10",0,"tol_14.wav",0
"569","6","85","3.079","Hulutol","./sounds/cs/ratingcs/tol_20.wav","0","cs3","labor2","2015-03-05_15.04.57.315000","l","10",0,"tol_20.wav",0
"570","6","41","3.833","Rellnif","./sounds/cs/ratingcs/nif_6.wav","0","cs1","labor2","2015-03-05_15.04.57.315000","l","10",0,"nif_6.wav",0
"571","6","30","3.619","Sesetol","./sounds/cs/ratingcs/tol_9.wav","0","cs3","labor2","2015-03-05_15.04.57.315000","l","10",0,"tol_9.wav",0
"572","6","50","5.774","Dattonif","./sounds/cs/ratingcs/nif_12.wav","0","cs1","labor2","2015-03-05_15.04.57.315000","l","10",0,"nif_12.wav",0
"573","6","77","3.001","Siritol","./sounds/cs/ratingcs/tol_18.wav","0","cs3","labor2","2015-03-05_15.04.57.315000","l","10",0,"tol_18.wav",0
"574","6","65","3.492","Dimmanif","./sounds/cs/ratingcs/nif_11.wav","0","cs1","labor2","2015-03-05_15.04.57.315000","l","10",0,"nif_11.wav",0
"575","6","55","3.664","Nomotol","./sounds/cs/ratingcs/tol_7.wav","0","cs3","labor2","2015-03-05_15.04.57.315000","l","10",0,"tol_7.wav",0
"576","6","45","4.42","Toleelup","./sounds/cs/ratingcs/lup_5.wav","-1","cs2","labor2","2015-03-05_15.04.57.315000","l","10",0,"lup_5.wav",0
"577","6","45","4.529","Tesoolup","./sounds/cs/ratingcs/lup_13.wav","-1","target","labor2","2015-03-05_15.04.57.315000","r","5",0,"lup_13.wav",5
"578","7","62","12.922","Toleelup","./sounds/cs/ratingcs/lup_5.wav","0","cs3","labor8","2015-03-05_15.04.59.795000","l","10",0,"lup_5.wav",0
"579","7","50","5.562","Rellnif","./sounds/cs/ratingcs/nif_6.wav","0","cs1","labor8","2015-03-05_15.04.59.795000","l","10",1,"nif_6.wav",0
"580","7","43","4.519","Deretol","./sounds/cs/ratingcs/tol_12.wav","1","target","labor8","2015-03-05_15.04.59.795000","r","5",0,"tol_12.wav",5
"581","7","72","2.723","Siritol","./sounds/cs/ratingcs/tol_18.wav","1","cs2","labor8","2015-03-05_15.04.59.795000","l","10",0,"tol_18.wav",0
"582","7","46","3.529","Wenaalup","./sounds/cs/ratingcs/lup_4.wav","0","cs3","labor8","2015-03-05_15.04.59.795000","l","10",0,"lup_4.wav",0
"583","7","42","2.198","Teppanif","./sounds/cs/ratingcs/nif_15.wav","0","cs1","labor8","2015-03-05_15.04.59.795000","l","10",0,"nif_15.wav",0
"584","7","47","2.767","Omeelup","./sounds/cs/ratingcs/lup_3.wav","0","cs3","labor8","2015-03-05_15.04.59.795000","l","10",0,"lup_3.wav",0
"585","7","53","3.475","Mofotol","./sounds/cs/ratingcs/tol_11.wav","1","cs2","labor8","2015-03-05_15.04.59.795000","l","10",0,"tol_11.wav",0
"586","7","45","4.126","Unoolup","./sounds/cs/ratingcs/lup_18.wav","0","cs3","labor8","2015-03-05_15.04.59.795000","l","10",0,"lup_18.wav",0
"587","7","72","2.463","Sesetol","./sounds/cs/ratingcs/tol_9.wav","1","target","labor8","2015-03-05_15.04.59.795000","r","5",0,"tol_9.wav",5
"588","7","52","3.516","Kullonif","./sounds/cs/ratingcs/nif_17.wav","0","cs1","labor8","2015-03-05_15.04.59.795000","l","10",0,"nif_17.wav",0
"589","7","62","1.991","Issanif","./sounds/cs/ratingcs/nif_9.wav","0","cs1","labor8","2015-03-05_15.04.59.795000","l","10",1,"nif_9.wav",0
"590","7","59","2.577","Eskannif","./sounds/cs/ratingcs/nif_2.wav","0","cs1","labor8","2015-03-05_15.04.59.795000","l","10",0,"nif_2.wav",0
"591","7","59","2.881","Hulutol","./sounds/cs/ratingcs/tol_20.wav","-1","cs2","labor8","2015-03-05_15.04.59.795000","l","10",0,"tol_20.wav",0
"592","7","55","2.097","Zackatol","./sounds/cs/ratingcs/tol_17.wav","-1","target","labor8","2015-03-05_15.04.59.795000","r","5",0,"tol_17.wav",5
"593","7","56","5.441","Piditol","./sounds/cs/ratingcs/tol_13.wav","-1","cs2","labor8","2015-03-05_15.04.59.795000","l","10",0,"tol_13.wav",0
"594","7","63","2.925","Nanatol","./sounds/cs/ratingcs/tol_3.wav","-1","target","labor8","2015-03-05_15.04.59.795000","r","5",0,"tol_3.wav",5
"595","7","60","2.491","Cocotol","./sounds/cs/ratingcs/tol_10.wav","-1","cs2","labor8","2015-03-05_15.04.59.795000","l","10",0,"tol_10.wav",0
"596","7","57","2.946","Dullanif","./sounds/cs/ratingcs/nif_14.wav","0","cs1","labor8","2015-03-05_15.04.59.795000","l","10",0,"nif_14.wav",0
"597","7","56","1.922","Saartelup","./sounds/cs/ratingcs/lup_10.wav","0","cs3","labor8","2015-03-05_15.04.59.795000","l","10",0,"lup_10.wav",0
"598","7","66","1.624","Falatol","./sounds/cs/ratingcs/tol_4.wav","1","cs2","labor8","2015-03-05_15.04.59.795000","l","10",0,"tol_4.wav",0
"599","7","39","2.289","Reretol","./sounds/cs/ratingcs/tol_2.wav","1","cs2","labor8","2015-03-05_15.04.59.795000","l","10",0,"tol_2.wav",0
"600","7","42","2.624","Lebbunif","./sounds/cs/ratingcs/nif_3.wav","0","cs1","labor8","2015-03-05_15.04.59.795000","l","10",0,"nif_3.wav",0
"601","7","50","2.219","Kaneelup","./sounds/cs/ratingcs/lup_7.wav","0","cs3","labor8","2015-03-05_15.04.59.795000","l","10",0,"lup_7.wav",0
"602","7","56","1.66","Baakelup","./sounds/cs/ratingcs/lup_20.wav","0","cs3","labor8","2015-03-05_15.04.59.795000","l","10",0,"lup_20.wav",0
"603","7","35","1.929","Rustutol","./sounds/cs/ratingcs/tol_15.wav","1","cs2","labor8","2015-03-05_15.04.59.795000","l","10",0,"tol_15.wav",0
"604","7","34","1.759","Befetol","./sounds/cs/ratingcs/tol_14.wav","-1","target","labor8","2015-03-05_15.04.59.795000","r","5",0,"tol_14.wav",5
"605","7","54","1.469","Tareelup","./sounds/cs/ratingcs/lup_8.wav","0","cs3","labor8","2015-03-05_15.04.59.795000","l","10",0,"lup_8.wav",0
"606","7","48","1.713","Nomotol","./sounds/cs/ratingcs/tol_7.wav","1","target","labor8","2015-03-05_15.04.59.795000","r","5",0,"tol_7.wav",5
"607","7","33","2.589","Nenetol","./sounds/cs/ratingcs/tol_19.wav","-1","cs2","labor8","2015-03-05_15.04.59.795000","l","10",0,"tol_19.wav",0
"608","7","54","2.334","Dilitol","./sounds/cs/ratingcs/tol_8.wav","-1","cs2","labor8","2015-03-05_15.04.59.795000","l","10",0,"tol_8.wav",0
"609","7","47","3.009","Reetolup","./sounds/cs/ratingcs/lup_15.wav","0","cs3","labor8","2015-03-05_15.04.59.795000","l","10",0,"lup_15.wav",0
"610","7","52","2.726","Kattanif","./sounds/cs/ratingcs/nif_13.wav","0","cs1","labor8","2015-03-05_15.04.59.795000","l","10",0,"nif_13.wav",0
"611","7","54","2.268","Daanilup","./sounds/cs/ratingcs/lup_17.wav","0","cs3","labor8","2015-03-05_15.04.59.795000","l","10",0,"lup_17.wav",0
"612","7","53","2.762","Jessunif","./sounds/cs/ratingcs/nif_19.wav","0","cs1","labor8","2015-03-05_15.04.59.795000","l","10",0,"nif_19.wav",0
"613","7","43","2.502","Kennunif","./sounds/cs/ratingcs/nif_5.wav","0","cs1","labor8","2015-03-05_15.04.59.795000","l","10",0,"nif_5.wav",0
"614","8","91","6.676","Cocotol","./sounds/cs/ratingcs/tol_10.wav","0","cs1","labor4","2015-03-05_16.07.25.030000","l","10",0,"tol_10.wav",0
"615","8","80","4.764","Koleelup","./sounds/cs/ratingcs/lup_16.wav","0","cs3","labor4","2015-03-05_16.07.25.030000","l","10",0,"lup_16.wav",0
"616","8","90","3.442","Lalatol","./sounds/cs/ratingcs/tol_1.wav","0","cs1","labor4","2015-03-05_16.07.25.030000","l","10",0,"tol_1.wav",0
"617","8","50","3.299","Kennunif","./sounds/cs/ratingcs/nif_5.wav","-1","cs2","labor4","2015-03-05_16.07.25.030000","l","10",0,"nif_5.wav",0
"618","8","53","3.915","Teppanif","./sounds/cs/ratingcs/nif_15.wav","1","target","labor4","2015-03-05_16.07.25.030000","r","5",0,"nif_15.wav",5
"619","8","60","2.468","Missonif","./sounds/cs/ratingcs/nif_10.wav","1","cs2","labor4","2015-03-05_16.07.25.030000","l","10",0,"nif_10.wav",0
"620","8","89","2.842","Hulutol","./sounds/cs/ratingcs/tol_20.wav","0","cs1","labor4","2015-03-05_16.07.25.030000","l","10",0,"tol_20.wav",0
"621","8","29","3.346","Eskannif","./sounds/cs/ratingcs/nif_2.wav","1","cs2","labor4","2015-03-05_16.07.25.030000","l","10",0,"nif_2.wav",0
"622","8","18","2.633","Jessunif","./sounds/cs/ratingcs/nif_19.wav","1","cs2","labor4","2015-03-05_16.07.25.030000","l","10",0,"nif_19.wav",0
"623","8","20","2.562","Dimmanif","./sounds/cs/ratingcs/nif_11.wav","-1","cs2","labor4","2015-03-05_16.07.25.030000","l","10",0,"nif_11.wav",0
"624","8","29","3.169","Befetol","./sounds/cs/ratingcs/tol_14.wav","0","cs1","labor4","2015-03-05_16.07.25.030000","l","10",0,"tol_14.wav",0
"625","8","41","3.691","Dattonif","./sounds/cs/ratingcs/nif_12.wav","-1","cs2","labor4","2015-03-05_16.07.25.030000","l","10",0,"nif_12.wav",0
"626","8","69","2.584","Renetol","./sounds/cs/ratingcs/tol_5.wav","0","cs1","labor4","2015-03-05_16.07.25.030000","l","10",0,"tol_5.wav",0
"627","8","62","4.703","Rellnif","./sounds/cs/ratingcs/nif_6.wav","1","target","labor4","2015-03-05_16.07.25.030000","r","5",0,"nif_6.wav",4
"628","8","79","3.579","Neenolup","./sounds/cs/ratingcs/lup_2.wav","0","cs3","labor4","2015-03-05_16.07.25.030000","l","10",0,"lup_2.wav",0
"629","8","89","2.19","Tareelup","./sounds/cs/ratingcs/lup_8.wav","0","cs3","labor4","2015-03-05_16.07.25.030000","l","10",0,"lup_8.wav",0
"630","8","10","6.689","Istennif","./sounds/cs/ratingcs/nif_20.wav","1","cs2","labor4","2015-03-05_16.07.25.030000","l","10",0,"nif_20.wav",0
"631","8","41","2.568","Deretol","./sounds/cs/ratingcs/tol_12.wav","0","cs1","labor4","2015-03-05_16.07.25.030000","l","10",0,"tol_12.wav",0
"632","8","80","2.011","Kaneelup","./sounds/cs/ratingcs/lup_7.wav","0","cs3","labor4","2015-03-05_16.07.25.030000","l","10",0,"lup_7.wav",0
"633","8","58","3.187","Saartelup","./sounds/cs/ratingcs/lup_10.wav","0","cs3","labor4","2015-03-05_16.07.25.030000","l","10",0,"lup_10.wav",0
"634","8","23","3.147","Zallunif","./sounds/cs/ratingcs/nif_4.wav","-1","target","labor4","2015-03-05_16.07.25.030000","r","5",0,"nif_4.wav",5
"635","8","82","2.352","Eekalup","./sounds/cs/ratingcs/lup_11.wav","0","cs3","labor4","2015-03-05_16.07.25.030000","l","10",0,"lup_11.wav",0
"636","8","61","2.055","Sesetol","./sounds/cs/ratingcs/tol_9.wav","0","cs1","labor4","2015-03-05_16.07.25.030000","l","10",0,"tol_9.wav",0
"637","8","60","1.81","Mateelup","./sounds/cs/ratingcs/lup_9.wav","0","cs3","labor4","2015-03-05_16.07.25.030000","l","10",0,"lup_9.wav",0
"638","8","40","2.955","Baakelup","./sounds/cs/ratingcs/lup_20.wav","0","cs3","labor4","2015-03-05_16.07.25.030000","l","10",0,"lup_20.wav",0
"639","8","10","3.029","Issanif","./sounds/cs/ratingcs/nif_9.wav","-1","target","labor4","2015-03-05_16.07.25.030000","r","5",0,"nif_9.wav",5
"640","8","13","2.554","Cellanif","./sounds/cs/ratingcs/nif_1.wav","1","target","labor4","2015-03-05_16.07.25.030000","r","5",0,"nif_1.wav",5
"641","8","82","4.169","Nanatol","./sounds/cs/ratingcs/tol_3.wav","0","cs1","labor4","2015-03-05_16.07.25.030000","l","10",0,"tol_3.wav",0
"642","8","23","2.535","Dullanif","./sounds/cs/ratingcs/nif_14.wav","-1","cs2","labor4","2015-03-05_16.07.25.030000","l","10",0,"nif_14.wav",0
"643","8","90","4.494","Wenaalup","./sounds/cs/ratingcs/lup_4.wav","0","cs3","labor4","2015-03-05_16.07.25.030000","l","10",0,"lup_4.wav",0
"644","8","51","2.663","Kattanif","./sounds/cs/ratingcs/nif_13.wav","-1","cs2","labor4","2015-03-05_16.07.25.030000","l","10",0,"nif_13.wav",0
"645","8","48","1.954","Bollanif","./sounds/cs/ratingcs/nif_8.wav","1","cs2","labor4","2015-03-05_16.07.25.030000","l","10",0,"nif_8.wav",0
"646","8","76","2.192","Spanatol","./sounds/cs/ratingcs/tol_16.wav","0","cs1","labor4","2015-03-05_16.07.25.030000","l","10",0,"tol_16.wav",0
"647","8","51","2.645","Zackatol","./sounds/cs/ratingcs/tol_17.wav","0","cs1","labor4","2015-03-05_16.07.25.030000","l","10",0,"tol_17.wav",0
"648","8","19","1.935","Allanif","./sounds/cs/ratingcs/nif_7.wav","-1","target","labor4","2015-03-05_16.07.25.030000","r","5",0,"nif_7.wav",5
"649","8","64","2.252","Deekalup","./sounds/cs/ratingcs/lup_14.wav","0","cs3","labor4","2015-03-05_16.07.25.030000","l","10",0,"lup_14.wav",0
"650","9","49","8.454","Cocotol","./sounds/cs/ratingcs/tol_10.wav","1","cs2","labor2","2015-03-05_16.32.40.511000","l","10",0,"tol_10.wav",0
"651","9","49","4.984","Hulutol","./sounds/cs/ratingcs/tol_20.wav","1","cs2","labor2","2015-03-05_16.32.40.511000","l","10",0,"tol_20.wav",0
"652","9","30","4.073","Wenaalup","./sounds/cs/ratingcs/lup_4.wav","0","cs1","labor2","2015-03-05_16.32.40.511000","l","10",0,"lup_4.wav",0
"653","9","30","2.2","Eekalup","./sounds/cs/ratingcs/lup_11.wav","0","cs1","labor2","2015-03-05_16.32.40.511000","l","10",0,"lup_11.wav",0
"654","9","50","2.793","Reretol","./sounds/cs/ratingcs/tol_2.wav","-1","cs2","labor2","2015-03-05_16.32.40.511000","l","10",0,"tol_2.wav",0
"655","9","22","3.865","Allanif","./sounds/cs/ratingcs/nif_7.wav","0","cs3","labor2","2015-03-05_16.32.40.511000","l","10",0,"nif_7.wav",0
"656","9","50","2.654","Kissunif","./sounds/cs/ratingcs/nif_16.wav","0","cs3","labor2","2015-03-05_16.32.40.511000","l","10",0,"nif_16.wav",0
"657","9","41","2.241","Teppanif","./sounds/cs/ratingcs/nif_15.wav","0","cs3","labor2","2015-03-05_16.32.40.511000","l","10",0,"nif_15.wav",0
"658","9","40","3.32","Tesoolup","./sounds/cs/ratingcs/lup_13.wav","0","cs1","labor2","2015-03-05_16.32.40.511000","l","10",1,"lup_13.wav",0
"659","9","29","2.535","Dattonif","./sounds/cs/ratingcs/nif_12.wav","0","cs3","labor2","2015-03-05_16.32.40.511000","l","10",0,"nif_12.wav",0
"660","9","50","2.46","Nomotol","./sounds/cs/ratingcs/tol_7.wav","1","target","labor2","2015-03-05_16.32.40.511000","r","5",1,"tol_7.wav",4
"661","9","51","2.182","Mofotol","./sounds/cs/ratingcs/tol_11.wav","-1","target","labor2","2015-03-05_16.32.40.511000","r","5",0,"tol_11.wav",5
"662","9","40","2.248","Reetolup","./sounds/cs/ratingcs/lup_15.wav","0","cs1","labor2","2015-03-05_16.32.40.511000","l","10",0,"lup_15.wav",0
"663","9","60","3.253","Lalatol","./sounds/cs/ratingcs/tol_1.wav","1","cs2","labor2","2015-03-05_16.32.40.511000","l","10",0,"tol_1.wav",0
"664","9","41","2.189","Neenolup","./sounds/cs/ratingcs/lup_2.wav","0","cs1","labor2","2015-03-05_16.32.40.511000","l","10",0,"lup_2.wav",0
"665","9","60","2.58","Nanatol","./sounds/cs/ratingcs/tol_3.wav","-1","cs2","labor2","2015-03-05_16.32.40.511000","l","10",0,"tol_3.wav",0
"666","9","18","2.613","Rellnif","./sounds/cs/ratingcs/nif_6.wav","0","cs3","labor2","2015-03-05_16.32.40.511000","l","10",0,"nif_6.wav",0
"667","9","61","3.476","Befetol","./sounds/cs/ratingcs/tol_14.wav","-1","target","labor2","2015-03-05_16.32.40.511000","r","5",0,"tol_14.wav",4
"668","9","21","2.694","Cellanif","./sounds/cs/ratingcs/nif_1.wav","0","cs3","labor2","2015-03-05_16.32.40.511000","l","10",0,"nif_1.wav",0
"669","9","21","2.006","Dimmanif","./sounds/cs/ratingcs/nif_11.wav","0","cs3","labor2","2015-03-05_16.32.40.511000","l","10",0,"nif_11.wav",0
"670","9","60","1.877","Dilitol","./sounds/cs/ratingcs/tol_8.wav","1","cs2","labor2","2015-03-05_16.32.40.511000","l","10",0,"tol_8.wav",0
"671","9","30","2.169","Missonif","./sounds/cs/ratingcs/nif_10.wav","0","cs3","labor2","2015-03-05_16.32.40.511000","l","10",0,"nif_10.wav",1
"672","9","20","2.612","Deekalup","./sounds/cs/ratingcs/lup_14.wav","0","cs1","labor2","2015-03-05_16.32.40.511000","l","10",0,"lup_14.wav",0
"673","9","18","2.141","Maasolup","./sounds/cs/ratingcs/lup_1.wav","0","cs1","labor2","2015-03-05_16.32.40.511000","l","10",0,"lup_1.wav",0
"674","9","21","2.573","Rustutol","./sounds/cs/ratingcs/tol_15.wav","-1","target","labor2","2015-03-05_16.32.40.511000","r","5",0,"tol_15.wav",3
"675","9","50","2.818","Dakatol","./sounds/cs/ratingcs/tol_6.wav","1","target","labor2","2015-03-05_16.32.40.511000","r","5",0,"tol_6.wav",5
"676","9","40","2.04","Falatol","./sounds/cs/ratingcs/tol_4.wav","-1","cs2","labor2","2015-03-05_16.32.40.511000","l","10",0,"tol_4.wav",0
"677","9","40","1.605","Sesetol","./sounds/cs/ratingcs/tol_9.wav","1","target","labor2","2015-03-05_16.32.40.511000","r","5",1,"tol_9.wav",3
"678","9","22","2.193","Kattanif","./sounds/cs/ratingcs/nif_13.wav","0","cs3","labor2","2015-03-05_16.32.40.511000","l","10",0,"nif_13.wav",0
"679","9","59","1.805","Renetol","./sounds/cs/ratingcs/tol_5.wav","-1","cs2","labor2","2015-03-05_16.32.40.511000","l","10",0,"tol_5.wav",0
"680","9","69","3.259","Zackatol","./sounds/cs/ratingcs/tol_17.wav","-1","cs2","labor2","2015-03-05_16.32.40.511000","l","10",0,"tol_17.wav",0
"681","9","30","3.106","Nenetol","./sounds/cs/ratingcs/tol_19.wav","1","cs2","labor2","2015-03-05_16.32.40.511000","l","10",0,"tol_19.wav",0
"682","9","10","2.787","Waneelup","./sounds/cs/ratingcs/lup_6.wav","0","cs1","labor2","2015-03-05_16.32.40.511000","l","10",0,"lup_6.wav",0
"683","9","10","2.017","Daanalup","./sounds/cs/ratingcs/lup_12.wav","0","cs1","labor2","2015-03-05_16.32.40.511000","l","10",0,"lup_12.wav",0
"684","9","19","2.303","Baakelup","./sounds/cs/ratingcs/lup_20.wav","0","cs1","labor2","2015-03-05_16.32.40.511000","l","10",0,"lup_20.wav",0
"685","9","20","2.944","Lebbunif","./sounds/cs/ratingcs/nif_3.wav","0","cs3","labor2","2015-03-05_16.32.40.511000","l","10",0,"nif_3.wav",0
