id,age,gender,mothertongue,handedness,vision,vision_impairment,field_of_study,material,stim_duration,isi,block,n_prime,prime1,prime2,prime3,target,prime5,probe,probe_type,probe_response,correct_response,correct,rt
55,,male,german,right,ok,,BWL,migo,750,0,1,4,,031.bmp,087.bmp,Leaf8.jpg,051.bmp,Umbrella5.jpg,new,l,l,1,1797
55,,male,german,right,ok,,BWL,migo,750,0,1,3,,,042.bmp,Candle13.jpg,024.bmp,Paperclip9.jpg,new,l,l,1,1017
55,,male,german,right,ok,,BWL,migo,750,0,1,3,,,072.bmp,Jigsaw6.jpg,013.bmp,Sweet14.jpg,new,l,l,1,689
55,,male,german,right,ok,,BWL,migo,750,0,1,3,,,055.bmp,Daff4.jpg,009.bmp,Daff4.jpg,target,a,a,1,1328
55,,male,german,right,ok,,BWL,migo,750,0,1,3,,,059.bmp,Flower18.jpg,082.bmp,Flower18.jpg,target,a,a,1,1299
55,,male,german,right,ok,,BWL,migo,750,0,1,3,,,043.bmp,Button6.jpg,070.bmp,Button6.jpg,target,a,a,1,745
55,,male,german,right,ok,,BWL,migo,750,0,1,4,,067.bmp,048.bmp,Plug8.jpg,016.bmp,Toothbrush2.jpg,new,l,l,1,25
55,,male,german,right,ok,,BWL,migo,750,0,1,5,052.bmp,005.bmp,076.bmp,Fudge3.jpg,041.bmp,Keys3.jpg,new,l,l,1,1844
55,,male,german,right,ok,,BWL,migo,750,0,1,5,064.bmp,035.bmp,055.bmp,Chocolate24.jpg,041.bmp,Chocolate23.jpg,lure,l,l,1,753
55,,male,german,right,ok,,BWL,migo,750,0,1,3,,,038.bmp,Feather5.jpg,088.bmp,Feather5.jpg,target,a,a,1,781
55,,male,german,right,ok,,BWL,migo,750,0,1,4,,016.bmp,009.bmp,Chilli21.jpg,001.bmp,Chilli10.jpg,lure,a,l,0,656
55,,male,german,right,ok,,BWL,migo,750,0,1,5,021.bmp,014.bmp,065.bmp,Hanger15.jpg,060.bmp,Hanger15.jpg,target,a,a,1,595
55,,male,german,right,ok,,BWL,migo,750,0,1,3,,,065.bmp,Brocolli16.jpg,017.bmp,Brocolli16.jpg,target,a,a,1,597
55,,male,german,right,ok,,BWL,migo,750,0,1,3,,,068.bmp,Key2.jpg,021.bmp,Swirl13.jpg,new,l,l,1,760
55,,male,german,right,ok,,BWL,migo,750,0,1,4,,081.bmp,041.bmp,Ginger6.jpg,060.bmp,Star9.jpg,new,l,l,1,3116
55,,male,german,right,ok,,BWL,migo,750,0,1,3,,,078.bmp,Glass7.jpg,057.bmp,Glass15.jpg,lure,a,l,0,787
55,,male,german,right,ok,,BWL,migo,750,0,1,3,,,051.bmp,Bun13.jpg,073.bmp,Bun2.jpg,lure,a,l,0,821
55,,male,german,right,ok,,BWL,migo,750,0,1,5,035.bmp,033.bmp,006.bmp,Holly4.jpg,023.bmp,Holly3.jpg,lure,a,l,0,716
55,,male,german,right,ok,,BWL,migo,750,0,1,4,,009.bmp,051.bmp,Pear25.jpg,082.bmp,Pear19.jpg,lure,a,l,0,514
55,,male,german,right,ok,,BWL,migo,750,0,1,4,,080.bmp,012.bmp,Screw13.jpg,060.bmp,Screw11.jpg,lure,a,l,0,490
55,,male,german,right,ok,,BWL,migo,750,0,1,4,,055.bmp,023.bmp,Pen18.jpg,009.bmp,Varnish14.jpg,new,l,l,1,560
55,,male,german,right,ok,,BWL,migo,750,0,1,4,,067.bmp,051.bmp,Cake21.jpg,056.bmp,Cake10.jpg,lure,a,l,0,544
55,,male,german,right,ok,,BWL,migo,750,0,1,4,,012.bmp,028.bmp,Car20.jpg,033.bmp,Car23.jpg,lure,a,l,0,760
55,,male,german,right,ok,,BWL,migo,750,0,1,3,,,043.bmp,Bag1.jpg,045.bmp,Apple13.jpg,new,l,l,1,832
55,,male,german,right,ok,,BWL,migo,750,0,1,3,,,064.bmp,Scissors1.jpg,074.bmp,Scissors1.jpg,target,a,a,1,611
55,,male,german,right,ok,,BWL,migo,750,0,1,4,,056.bmp,074.bmp,String8.jpg,076.bmp,String8.jpg,target,a,a,1,532
55,,male,german,right,ok,,BWL,migo,750,0,1,4,,026.bmp,038.bmp,Bracelet4.jpg,063.bmp,Bracelet4.jpg,target,a,a,1,605
55,,male,german,right,ok,,BWL,migo,750,0,1,4,,031.bmp,063.bmp,Tomato1.jpg,004.bmp,Tomato1.jpg,target,a,a,1,559
55,,male,german,right,ok,,BWL,migo,750,0,1,4,,053.bmp,009.bmp,Strawberry15.jpg,051.bmp,Strawberry16.jpg,lure,a,l,0,657
55,,male,german,right,ok,,BWL,migo,750,0,1,3,,,040.bmp,Mushroom5.jpg,034.bmp,Mushroom5.jpg,target,a,a,1,605
55,,male,german,right,ok,,BWL,migo,750,0,1,5,079.bmp,025.bmp,017.bmp,Nut14.jpg,085.bmp,Fork16.jpg,new,l,l,1,717
55,,male,german,right,ok,,BWL,migo,750,0,1,3,,,061.bmp,Stapler13.jpg,003.bmp,Stapler9.jpg,lure,a,l,0,616
55,,male,german,right,ok,,BWL,migo,750,0,1,5,087.bmp,029.bmp,041.bmp,Biscuit5.jpg,047.bmp,Biscuit12.jpg,lure,a,l,0,654
55,,male,german,right,ok,,BWL,migo,750,0,1,3,,,005.bmp,Shell25.jpg,011.bmp,Man14.jpg,new,l,l,1,691
55,,male,german,right,ok,,BWL,migo,750,0,1,5,031.bmp,045.bmp,021.bmp,Hand1.jpg,049.bmp,Present6.jpg,new,l,l,1,1053
55,,male,german,right,ok,,BWL,migo,750,0,1,3,,,046.bmp,Lipstick7.jpg,054.bmp,Lipstick7.jpg,target,a,a,1,596
55,,male,german,right,ok,,BWL,migo,750,0,2,4,,053.bmp,019.bmp,Feather1.jpg,025.bmp,Bag24.jpg,new,a,l,0,884
55,,male,german,right,ok,,BWL,migo,750,0,2,5,054.bmp,050.bmp,074.bmp,Shell23.jpg,045.bmp,Bracelet18.jpg,new,l,l,1,658
55,,male,german,right,ok,,BWL,migo,750,0,2,5,027.bmp,054.bmp,069.bmp,Apple11.jpg,034.bmp,Apple5.jpg,lure,a,l,0,1327
55,,male,german,right,ok,,BWL,migo,750,0,2,4,,037.bmp,075.bmp,Mushroom6.jpg,088.bmp,Mushroom2.jpg,lure,a,l,0,561
55,,male,german,right,ok,,BWL,migo,750,0,2,5,070.bmp,014.bmp,023.bmp,Jigsaw9.jpg,030.bmp,Lipstick6.jpg,new,l,l,1,745
55,,male,german,right,ok,,BWL,migo,750,0,2,4,,055.bmp,067.bmp,Swirl2.jpg,063.bmp,Plug10.jpg,new,l,l,1,730
55,,male,german,right,ok,,BWL,migo,750,0,2,3,,,053.bmp,Holly17.jpg,078.bmp,Holly9.jpg,lure,a,l,0,752
55,,male,german,right,ok,,BWL,migo,750,0,2,5,057.bmp,049.bmp,086.bmp,Keys5.jpg,023.bmp,Keys5.jpg,target,a,a,1,752
55,,male,german,right,ok,,BWL,migo,750,0,2,4,,007.bmp,083.bmp,Man5.jpg,022.bmp,Chilli6.jpg,new,l,l,1,726
55,,male,german,right,ok,,BWL,migo,750,0,2,4,,044.bmp,075.bmp,Hand8.jpg,024.bmp,Fork10.jpg,new,l,l,1,960
55,,male,german,right,ok,,BWL,migo,750,0,2,3,,,009.bmp,Bun6.jpg,025.bmp,Bun6.jpg,target,a,a,1,619
55,,male,german,right,ok,,BWL,migo,750,0,2,4,,029.bmp,073.bmp,Paperclip12.jpg,086.bmp,Paperclip12.jpg,target,a,a,1,709
55,,male,german,right,ok,,BWL,migo,750,0,2,3,,,011.bmp,Hanger10.jpg,065.bmp,Hanger13.jpg,lure,a,l,0,1058
55,,male,german,right,ok,,BWL,migo,750,0,2,3,,,007.bmp,Present9.jpg,033.bmp,Ginger1.jpg,new,l,l,1,734
55,,male,german,right,ok,,BWL,migo,750,0,2,3,,,042.bmp,Strawberry19.jpg,027.bmp,Strawberry1.jpg,lure,a,l,0,611
55,,male,german,right,ok,,BWL,migo,750,0,2,4,,055.bmp,021.bmp,Toothbrush10.jpg,087.bmp,Toothbrush13.jpg,lure,a,l,0,650
55,,male,german,right,ok,,BWL,migo,750,0,2,4,,039.bmp,078.bmp,Leaf12.jpg,068.bmp,Leaf12.jpg,target,a,a,1,500
55,,male,german,right,ok,,BWL,migo,750,0,2,4,,025.bmp,017.bmp,Brocolli17.jpg,066.bmp,Star16.jpg,new,l,l,1,762
55,,male,german,right,ok,,BWL,migo,750,0,2,3,,,019.bmp,Biscuit24.jpg,088.bmp,Tomato12.jpg,new,l,l,1,782
55,,male,german,right,ok,,BWL,migo,750,0,2,5,057.bmp,064.bmp,067.bmp,Daff6.jpg,033.bmp,Sweet25.jpg,new,l,l,1,929
55,,male,german,right,ok,,BWL,migo,750,0,2,5,029.bmp,031.bmp,066.bmp,Fudge13.jpg,037.bmp,Fudge6.jpg,lure,a,l,0,367
55,,male,german,right,ok,,BWL,migo,750,0,2,3,,,012.bmp,Car24.jpg,073.bmp,Car4.jpg,lure,l,l,1,2108
55,,male,german,right,ok,,BWL,migo,750,0,2,5,079.bmp,061.bmp,068.bmp,Cake3.jpg,012.bmp,Cake3.jpg,target,a,a,1,607
55,,male,german,right,ok,,BWL,migo,750,0,2,3,,,021.bmp,Key18.jpg,012.bmp,Key18.jpg,target,a,a,1,784
55,,male,german,right,ok,,BWL,migo,750,0,2,5,035.bmp,008.bmp,048.bmp,Pear24.jpg,021.bmp,Scissors23.jpg,new,l,l,1,1431
55,,male,german,right,ok,,BWL,migo,750,0,2,4,,003.bmp,082.bmp,Glass16.jpg,031.bmp,Glass12.jpg,lure,a,l,0,572
55,,male,german,right,ok,,BWL,migo,750,0,2,5,038.bmp,084.bmp,011.bmp,Pen14.jpg,080.bmp,Pen14.jpg,target,l,a,0,576
55,,male,german,right,ok,,BWL,migo,750,0,2,5,042.bmp,063.bmp,032.bmp,Umbrella10.jpg,018.bmp,Umbrella10.jpg,target,a,a,1,721
55,,male,german,right,ok,,BWL,migo,750,0,2,5,045.bmp,059.bmp,074.bmp,Screw18.jpg,075.bmp,Screw16.jpg,lure,a,l,0,606
55,,male,german,right,ok,,BWL,migo,750,0,2,5,004.bmp,036.bmp,032.bmp,Candle15.jpg,026.bmp,Candle15.jpg,target,a,a,1,1125
55,,male,german,right,ok,,BWL,migo,750,0,2,5,060.bmp,005.bmp,014.bmp,Nut10.jpg,053.bmp,Nut10.jpg,target,a,a,1,581
55,,male,german,right,ok,,BWL,migo,750,0,2,4,,028.bmp,044.bmp,Varnish4.jpg,069.bmp,Flower3.jpg,new,l,l,1,734
55,,male,german,right,ok,,BWL,migo,750,0,2,4,,081.bmp,042.bmp,Stapler14.jpg,024.bmp,Stapler2.jpg,lure,a,l,0,594
55,,male,german,right,ok,,BWL,migo,750,0,2,3,,,071.bmp,String5.jpg,033.bmp,String16.jpg,lure,a,l,0,1256
55,,male,german,right,ok,,BWL,migo,750,0,2,4,,054.bmp,083.bmp,Chocolate15.jpg,012.bmp,Chocolate15.jpg,target,a,a,1,813
55,,male,german,right,ok,,BWL,migo,750,0,2,3,,,011.bmp,Button23.jpg,047.bmp,Button23.jpg,target,a,a,1,595
55,,male,german,right,ok,,BWL,migo,750,0,3,4,,054.bmp,062.bmp,Ginger10.jpg,019.bmp,Ginger10.jpg,target,a,a,1,576
55,,male,german,right,ok,,BWL,migo,750,0,3,4,,018.bmp,026.bmp,Feather13.jpg,064.bmp,Button14.jpg,new,a,l,0,783
55,,male,german,right,ok,,BWL,migo,750,0,3,5,073.bmp,041.bmp,023.bmp,Toothbrush8.jpg,017.bmp,Toothbrush7.jpg,lure,a,l,0,531
55,,male,german,right,ok,,BWL,migo,750,0,3,4,,065.bmp,050.bmp,Hanger9.jpg,018.bmp,Hanger9.jpg,target,l,a,0,1261
55,,male,german,right,ok,,BWL,migo,750,0,3,4,,027.bmp,085.bmp,Bun16.jpg,039.bmp,Lipstick12.jpg,new,a,l,0,2865
55,,male,german,right,ok,,BWL,migo,750,0,3,3,,,001.bmp,Chocolate7.jpg,066.bmp,Chocolate7.jpg,target,a,a,1,768
55,,male,german,right,ok,,BWL,migo,750,0,3,4,,034.bmp,047.bmp,Swirl4.jpg,081.bmp,Swirl4.jpg,target,a,a,1,301
55,,male,german,right,ok,,BWL,migo,750,0,3,4,,070.bmp,083.bmp,Bag14.jpg,062.bmp,Keys7.jpg,new,l,l,1,1619
55,,male,german,right,ok,,BWL,migo,750,0,3,3,,,085.bmp,Man25.jpg,054.bmp,Man25.jpg,target,a,a,1,1059
55,,male,german,right,ok,,BWL,migo,750,0,3,5,040.bmp,046.bmp,033.bmp,Jigsaw5.jpg,073.bmp,Jigsaw5.jpg,target,a,a,1,683
55,,male,german,right,ok,,BWL,migo,750,0,3,4,,088.bmp,016.bmp,Nut5.jpg,085.bmp,Leaf23.jpg,new,l,l,1,691
55,,male,german,right,ok,,BWL,migo,750,0,3,3,,,017.bmp,String20.jpg,029.bmp,String20.jpg,target,l,a,0,750
55,,male,german,right,ok,,BWL,migo,750,0,3,3,,,079.bmp,Paperclip4.jpg,022.bmp,Paperclip17.jpg,lure,a,l,0,531
55,,male,german,right,ok,,BWL,migo,750,0,3,4,,042.bmp,027.bmp,Daff18.jpg,028.bmp,Daff18.jpg,target,a,a,1,438
55,,male,german,right,ok,,BWL,migo,750,0,3,5,001.bmp,076.bmp,057.bmp,Strawberry4.jpg,031.bmp,Strawberry14.jpg,lure,a,l,0,302
55,,male,german,right,ok,,BWL,migo,750,0,3,5,053.bmp,022.bmp,046.bmp,Holly10.jpg,081.bmp,Pear4.jpg,new,l,l,1,1019
55,,male,german,right,ok,,BWL,migo,750,0,3,4,,068.bmp,029.bmp,Car12.jpg,057.bmp,Screw17.jpg,new,l,l,1,608
55,,male,german,right,ok,,BWL,migo,750,0,3,3,,,002.bmp,Present25.jpg,087.bmp,Present25.jpg,target,a,a,1,1039
55,,male,german,right,ok,,BWL,migo,750,0,3,3,,,078.bmp,Flower21.jpg,016.bmp,Biscuit8.jpg,new,l,l,1,758
55,,male,german,right,ok,,BWL,migo,750,0,3,5,066.bmp,009.bmp,083.bmp,Stapler4.jpg,051.bmp,Stapler5.jpg,lure,a,l,0,579
55,,male,german,right,ok,,BWL,migo,750,0,3,5,039.bmp,015.bmp,008.bmp,Shell15.jpg,013.bmp,Shell15.jpg,target,a,a,1,404
55,,male,german,right,ok,,BWL,migo,750,0,3,4,,070.bmp,062.bmp,Varnish7.jpg,059.bmp,Varnish15.jpg,lure,a,l,0,448
55,,male,german,right,ok,,BWL,migo,750,0,3,3,,,049.bmp,Mushroom1.jpg,051.bmp,Tomato14.jpg,new,l,l,1,676
55,,male,german,right,ok,,BWL,migo,750,0,3,5,044.bmp,063.bmp,031.bmp,Glass4.jpg,049.bmp,Glass13.jpg,lure,l,l,1,838
55,,male,german,right,ok,,BWL,migo,750,0,3,5,044.bmp,087.bmp,024.bmp,Key14.jpg,037.bmp,Fudge16.jpg,new,a,l,0,1054
55,,male,german,right,ok,,BWL,migo,750,0,3,3,,,018.bmp,Bracelet5.jpg,058.bmp,Candle11.jpg,new,l,l,1,765
55,,male,german,right,ok,,BWL,migo,750,0,3,3,,,035.bmp,Scissors16.jpg,039.bmp,Scissors5.jpg,lure,a,l,0,2112
55,,male,german,right,ok,,BWL,migo,750,0,3,4,,065.bmp,085.bmp,Cake23.jpg,057.bmp,Cake23.jpg,target,a,a,1,575
55,,male,german,right,ok,,BWL,migo,750,0,3,4,,044.bmp,022.bmp,Sweet22.jpg,052.bmp,Apple20.jpg,new,l,l,1,761
55,,male,german,right,ok,,BWL,migo,750,0,3,4,,088.bmp,027.bmp,Chilli24.jpg,010.bmp,Chilli1.jpg,lure,a,l,0,602
55,,male,german,right,ok,,BWL,migo,750,0,3,5,088.bmp,060.bmp,005.bmp,Brocolli8.jpg,070.bmp,Brocolli15.jpg,lure,a,l,0,516
55,,male,german,right,ok,,BWL,migo,750,0,3,5,002.bmp,034.bmp,039.bmp,Pen22.jpg,015.bmp,Pen10.jpg,lure,a,l,0,429
55,,male,german,right,ok,,BWL,migo,750,0,3,3,,,037.bmp,Fork14.jpg,083.bmp,Fork18.jpg,lure,a,l,0,592
55,,male,german,right,ok,,BWL,migo,750,0,3,5,021.bmp,068.bmp,045.bmp,Star11.jpg,022.bmp,Star8.jpg,lure,a,l,0,836
55,,male,german,right,ok,,BWL,migo,750,0,3,5,045.bmp,075.bmp,079.bmp,Hand7.jpg,084.bmp,Plug15.jpg,new,l,l,1,834
55,,male,german,right,ok,,BWL,migo,750,0,3,3,,,075.bmp,Umbrella13.jpg,079.bmp,Umbrella13.jpg,target,a,a,1,1040
55,,male,german,right,ok,,BWL,drm,250,0,4,5,rauldrekke,Gemillen,Mied,jonglieren,imti,HAND,lure,l,l,1,1786
55,,male,german,right,ok,,BWL,drm,250,0,4,4,,Ziahath,älfen,Ziege,prächen,KLAVIER,new,l,l,1,1290
55,,male,german,right,ok,,BWL,drm,250,0,4,4,,kärner,Menzen,Schlaf,Zaut,SCHLAF,target,a,a,1,1177
55,,male,german,right,ok,,BWL,drm,250,0,4,5,lepe,zime,zandos,Kneipe,Pufats,REIS,new,l,l,1,840
55,,male,german,right,ok,,BWL,drm,250,0,4,4,,mall,naberfe,Kopf,Rauns,RIECHEN,new,l,l,1,691
55,,male,german,right,ok,,BWL,drm,250,0,4,3,,,Glögel,Zehe,mand,DOKTOR,new,l,l,1,616
55,,male,german,right,ok,,BWL,drm,250,0,4,3,,,restzugs,Gezeiten,Neife,TASSE,new,l,l,1,580
55,,male,german,right,ok,,BWL,drm,250,0,4,4,,Schnarn,porbang,brüllen,Zimpir,SCHULE,new,l,l,1,677
55,,male,german,right,ok,,BWL,drm,250,0,4,3,,,Naume,Gesellschaft,zauseimdaben,MORAL,lure,l,l,1,544
55,,male,german,right,ok,,BWL,drm,250,0,4,3,,,füsen,heiß,Sona,LAMPE,new,l,l,1,904
55,,male,german,right,ok,,BWL,drm,250,0,4,3,,,Koxt,Hund,baft,HUND,target,a,a,1,1265
55,,male,german,right,ok,,BWL,drm,250,0,4,3,,,Dewe,Hemd,hext,HEMD,target,a,a,1,1102
55,,male,german,right,ok,,BWL,drm,250,0,4,4,,Lisrer,rat,Wecker,Stahm,UHR,lure,l,l,1,1445
55,,male,german,right,ok,,BWL,drm,250,0,4,5,lolzert,Larze,pulner,Diamant,lolzert,DIAMANT,target,a,a,1,511
55,,male,german,right,ok,,BWL,drm,250,0,4,3,,,sieme,Biene,Junse,BLÜTE,lure,l,l,1,654
55,,male,german,right,ok,,BWL,drm,250,0,4,3,,,grüll,tobend,Tutend,ÄRGER,lure,a,l,0,1247
55,,male,german,right,ok,,BWL,drm,250,0,4,3,,,krankelbeis,Flüssigkeit,Pewe,AUTO,new,l,l,1,649
55,,male,german,right,ok,,BWL,drm,250,0,4,4,,Wusikeg,glaxier,langsam,Weden,LANGSAM,target,a,a,1,503
55,,male,german,right,ok,,BWL,drm,250,0,4,4,,Pfika,Zetze,weich,örfen,WEICH,target,a,a,1,734
55,,male,german,right,ok,,BWL,drm,250,0,4,4,,Hayn,hakin,Rauch,Starf,RAUCH,target,l,a,0,385
55,,male,german,right,ok,,BWL,drm,250,0,4,5,aild,Flauwen,kod,schweben,Pfeikeit,FLIEGEN,lure,a,l,0,1395
55,,male,german,right,ok,,BWL,drm,250,0,4,5,Pehmher,mausch,Heme,lang,lüße,STRAßE,lure,l,l,1,930
55,,male,german,right,ok,,BWL,drm,250,0,4,4,,Gössig,hach,Spitze,eknid,NADEL,lure,l,l,1,632
55,,male,german,right,ok,,BWL,drm,250,0,4,5,glang,Kohr,Lindes,Holz,Drostog,STUHL,lure,l,l,1,766
55,,male,german,right,ok,,BWL,drm,250,0,4,5,kriedel,pustond,Strefel,Zeitung,Mikker,ZEITUNG,target,a,a,1,583
55,,male,german,right,ok,,BWL,drm,250,0,4,5,Kausch,dod,unfant,süß,Dod,SÜß,target,a,a,1,389
55,,male,german,right,ok,,BWL,drm,250,0,4,5,blottern,zinker,chrilze,Rahmen,Tubien,TELEFON,new,l,l,1,620
55,,male,german,right,ok,,BWL,brady,750,0,5,4,,025.bmp,024.bmp,router_2.bmp,076.bmp,router_10.bmp,lure,a,l,0,1038
55,,male,german,right,ok,,BWL,brady,750,0,5,5,123.bmp,017.bmp,065.bmp,balloon_12.bmp,033.bmp,balloon_8.bmp,lure,l,l,1,838
55,,male,german,right,ok,,BWL,brady,750,0,5,4,,108.bmp,034.bmp,speaker_9.bmp,057.bmp,speaker_8.bmp,lure,l,l,1,1534
55,,male,german,right,ok,,BWL,brady,750,0,5,4,,117.bmp,126.bmp,tricycle_7.bmp,101.bmp,rollerskates_4.bmp,new,l,l,1,784
55,,male,german,right,ok,,BWL,brady,750,0,5,3,,,110.bmp,windchime_11.bmp,115.bmp,bongo_4.bmp,new,l,l,1,1145
55,,male,german,right,ok,,BWL,brady,750,0,5,4,,125.bmp,032.bmp,tree_11.bmp,016.bmp,tree_16.bmp,lure,a,l,0,847
55,,male,german,right,ok,,BWL,brady,750,0,5,4,,103.bmp,067.bmp,nunchaku_11.bmp,055.bmp,nunchaku_11.bmp,target,a,a,1,794
55,,male,german,right,ok,,BWL,brady,750,0,5,4,,035.bmp,122.bmp,trumpet_8.bmp,079.bmp,trumpet_8.bmp,target,l,a,0,920
55,,male,german,right,ok,,BWL,brady,750,0,5,4,,115.bmp,003.bmp,cat_3.bmp,048.bmp,cat_3.bmp,target,a,a,1,499
55,,male,german,right,ok,,BWL,brady,750,0,5,3,,,014.bmp,gamehandheld_7.bmp,126.bmp,iceskates_7.bmp,new,l,l,1,861
55,,male,german,right,ok,,BWL,brady,750,0,5,5,102.bmp,034.bmp,125.bmp,toothpaste_4.bmp,053.bmp,toothpaste_4.bmp,target,a,a,1,635
55,,male,german,right,ok,,BWL,brady,750,0,5,5,021.bmp,100.bmp,028.bmp,handgun_6.bmp,104.bmp,handgun_14.bmp,lure,l,l,1,771
55,,male,german,right,ok,,BWL,brady,750,0,5,4,,124.bmp,044.bmp,bagel_17.bmp,025.bmp,bagel_17.bmp,target,a,a,1,509
55,,male,german,right,ok,,BWL,brady,750,0,5,5,119.bmp,002.bmp,101.bmp,wig_2.bmp,048.bmp,wig_7.bmp,lure,a,l,0,519
55,,male,german,right,ok,,BWL,brady,750,0,5,5,005.bmp,032.bmp,014.bmp,dumbbell_10.bmp,056.bmp,dumbbell_7.bmp,lure,l,l,1,675
55,,male,german,right,ok,,BWL,brady,750,0,5,3,,,033.bmp,stamp_13.bmp,116.bmp,stamp_1.bmp,lure,l,l,1,635
55,,male,german,right,ok,,BWL,brady,750,0,5,5,074.bmp,039.bmp,054.bmp,lei_11.bmp,052.bmp,lei_13.bmp,lure,a,l,0,994
55,,male,german,right,ok,,BWL,brady,750,0,5,3,,,031.bmp,chessboard_13.bmp,085.bmp,chessboard_5.bmp,lure,l,l,1,708
55,,male,german,right,ok,,BWL,brady,750,0,5,4,,013.bmp,114.bmp,doll_6.bmp,027.bmp,bottle_10.bmp,new,a,l,0,593
55,,male,german,right,ok,,BWL,brady,750,0,5,3,,,122.bmp,roadsign_14.bmp,020.bmp,roadsign_14.bmp,target,a,a,1,1062
55,,male,german,right,ok,,BWL,brady,750,0,5,4,,066.bmp,025.bmp,tape_1.bmp,029.bmp,tape_1.bmp,target,l,a,0,818
55,,male,german,right,ok,,BWL,brady,750,0,5,4,,074.bmp,017.bmp,domino_5.bmp,115.bmp,domino_1.bmp,lure,l,l,1,714
55,,male,german,right,ok,,BWL,brady,750,0,5,3,,,099.bmp,easteregg_2.bmp,083.bmp,easteregg_2.bmp,target,a,a,1,587
55,,male,german,right,ok,,BWL,brady,750,0,5,3,,,004.bmp,garbagecan_3.bmp,018.bmp,abacus_14.bmp,new,l,l,1,661
55,,male,german,right,ok,,BWL,brady,750,0,5,4,,115.bmp,047.bmp,showercurtain_8.bmp,102.bmp,showercurtain_8.bmp,target,a,a,1,793
55,,male,german,right,ok,,BWL,brady,750,0,5,5,095.bmp,122.bmp,064.bmp,bowtie_9.bmp,118.bmp,bowtie_9.bmp,target,a,a,1,571
55,,male,german,right,ok,,BWL,brady,750,0,5,3,,,107.bmp,bearteddy_15.bmp,071.bmp,microscope_6.bmp,new,l,l,1,961
55,,male,german,right,ok,,BWL,brady,750,0,5,3,,,011.bmp,knife_7.bmp,007.bmp,knife_7.bmp,target,a,a,1,620
55,,male,german,right,ok,,BWL,brady,750,0,5,4,,022.bmp,037.bmp,cellphone_4.bmp,116.bmp,meat_17.bmp,new,l,l,1,654
55,,male,german,right,ok,,BWL,brady,750,0,5,5,010.bmp,049.bmp,115.bmp,pants_8.bmp,104.bmp,pants_8.bmp,target,a,a,1,437
55,,male,german,right,ok,,BWL,brady,750,0,5,4,,071.bmp,040.bmp,christmasstocking_17.bmp,003.bmp,christmasstocking_17.bmp,target,l,a,0,648
55,,male,german,right,ok,,BWL,brady,750,0,5,3,,,033.bmp,dog_8.bmp,091.bmp,tongs_3.bmp,new,a,l,0,925
55,,male,german,right,ok,,BWL,brady,750,0,5,3,,,097.bmp,cookingpan_7.bmp,096.bmp,cookingpan_14.bmp,lure,l,l,1,1262
55,,male,german,right,ok,,BWL,brady,750,0,5,4,,060.bmp,088.bmp,bread_8.bmp,007.bmp,bread_17.bmp,lure,l,l,1,1246
55,,male,german,right,ok,,BWL,brady,750,0,5,3,,,124.bmp,key_5.bmp,128.bmp,key_10.bmp,lure,l,l,1,700
55,,male,german,right,ok,,BWL,brady,750,0,5,3,,,070.bmp,tennisracquet_14.bmp,100.bmp,tennisracquet_1.bmp,lure,a,l,0,622
55,,male,german,right,ok,,BWL,brady,750,0,5,3,,,023.bmp,highchair_10.bmp,064.bmp,highchair_12.bmp,lure,l,l,1,623
55,,male,german,right,ok,,BWL,brady,750,0,5,4,,070.bmp,074.bmp,bed_9.bmp,114.bmp,basket_16.bmp,new,l,l,1,714
55,,male,german,right,ok,,BWL,brady,750,0,5,5,007.bmp,037.bmp,088.bmp,scissors_14.bmp,112.bmp,lock_10.bmp,new,l,l,1,578
55,,male,german,right,ok,,BWL,brady,750,0,5,3,,,087.bmp,car_1.bmp,104.bmp,keychain_2.bmp,new,l,l,1,619
55,,male,german,right,ok,,BWL,brady,750,0,5,4,,032.bmp,109.bmp,tv_7.bmp,042.bmp,dresser_4.bmp,new,l,l,1,522
55,,male,german,right,ok,,BWL,brady,750,0,5,4,,125.bmp,084.bmp,exerciseeqipment_13.bmp,092.bmp,exerciseeqipment_13.bmp,target,a,a,1,613
55,,male,german,right,ok,,BWL,brady,750,0,5,3,,,122.bmp,rug_9.bmp,001.bmp,rug_4.bmp,lure,l,l,1,845
55,,male,german,right,ok,,BWL,brady,750,0,5,4,,029.bmp,051.bmp,box_5.bmp,052.bmp,box_3.bmp,lure,l,l,1,648
55,,male,german,right,ok,,BWL,brady,750,0,5,3,,,111.bmp,frisbee_10.bmp,073.bmp,frisbee_10.bmp,target,a,a,1,2560
55,,male,german,right,ok,,BWL,brady,750,0,5,5,102.bmp,056.bmp,028.bmp,makeupcompact_5.bmp,043.bmp,mp3player_15.bmp,new,l,l,1,532
55,,male,german,right,ok,,BWL,brady,750,0,5,4,,085.bmp,128.bmp,mattress_2.bmp,056.bmp,mattress_3.bmp,lure,l,l,1,723
55,,male,german,right,ok,,BWL,brady,750,0,5,3,,,025.bmp,handbag_13.bmp,013.bmp,handbag_1.bmp,lure,l,l,1,561
55,,male,german,right,ok,,BWL,brady,750,0,5,3,,,127.bmp,hairbrush_16.bmp,067.bmp,hairbrush_7.bmp,lure,l,l,1,648
55,,male,german,right,ok,,BWL,brady,750,0,5,3,,,032.bmp,shredder_15.bmp,016.bmp,shredder_15.bmp,target,a,a,1,606
55,,male,german,right,ok,,BWL,brady,750,0,5,4,,125.bmp,006.bmp,golfball_3.bmp,047.bmp,golfball_12.bmp,lure,l,l,1,573
55,,male,german,right,ok,,BWL,brady,750,0,5,5,036.bmp,029.bmp,032.bmp,carabiner_11.bmp,116.bmp,highlight_10.bmp,new,l,l,1,617
55,,male,german,right,ok,,BWL,brady,750,0,5,3,,,041.bmp,pokercard_15.bmp,125.bmp,pokercard_15.bmp,target,a,a,1,683
55,,male,german,right,ok,,BWL,brady,750,0,5,3,,,074.bmp,cake_17.bmp,042.bmp,cake_10.bmp,lure,l,l,1,650
55,,male,german,right,ok,,BWL,brady,750,0,5,4,,038.bmp,096.bmp,licenseplate_16.bmp,072.bmp,basecards_13.bmp,new,l,l,1,491
55,,male,german,right,ok,,BWL,brady,750,0,5,3,,,032.bmp,bike_8.bmp,055.bmp,bike_13.bmp,lure,l,l,1,1207
55,,male,german,right,ok,,BWL,brady,750,0,5,3,,,117.bmp,desk_16.bmp,081.bmp,desk_16.bmp,target,a,a,1,380
55,,male,german,right,ok,,BWL,brady,750,0,5,5,037.bmp,077.bmp,044.bmp,chair_2.bmp,004.bmp,chair_2.bmp,target,a,a,1,531
55,,male,german,right,ok,,BWL,brady,750,0,5,4,,108.bmp,122.bmp,muffin_7.bmp,103.bmp,muffin_9.bmp,lure,a,l,0,350
55,,male,german,right,ok,,BWL,brady,750,0,5,5,059.bmp,025.bmp,072.bmp,motorcycle_1.bmp,073.bmp,motorcycle_1.bmp,target,a,a,1,438
55,,male,german,right,ok,,BWL,brady,750,0,5,4,,087.bmp,010.bmp,stapler_6.bmp,055.bmp,mushroom_10.bmp,new,l,l,1,602
55,,male,german,right,ok,,BWL,brady,750,0,5,3,,,108.bmp,fishhook_15.bmp,028.bmp,fishhook_15.bmp,target,a,a,1,558
55,,male,german,right,ok,,BWL,brady,750,0,5,5,020.bmp,021.bmp,048.bmp,tablesmall_4.bmp,092.bmp,toyrabbit_10.bmp,new,l,l,1,626
55,,male,german,right,ok,,BWL,brady,750,0,5,5,047.bmp,061.bmp,049.bmp,leaves_15.bmp,074.bmp,leaves_15.bmp,target,a,a,1,589
55,,male,german,right,ok,,BWL,brady,750,0,5,3,,,083.bmp,earings_9.bmp,117.bmp,earings_9.bmp,target,a,a,1,589
55,,male,german,right,ok,,BWL,brady,750,0,5,3,,,066.bmp,toiletseat_16.bmp,026.bmp,toiletseat_2.bmp,lure,l,l,1,791
55,,male,german,right,ok,,BWL,brady,750,0,5,5,009.bmp,002.bmp,066.bmp,umbrella_7.bmp,094.bmp,coin_14.bmp,new,l,l,1,588
55,,male,german,right,ok,,BWL,brady,750,0,5,5,063.bmp,040.bmp,026.bmp,cupsaucer_17.bmp,093.bmp,cupsaucer_1.bmp,lure,l,l,1,637
55,,male,german,right,ok,,BWL,brady,750,0,5,3,,,060.bmp,barbie_5.bmp,092.bmp,barbie_11.bmp,lure,l,l,1,565
55,,male,german,right,ok,,BWL,brady,750,0,5,4,,114.bmp,025.bmp,magazinecovers_15.bmp,098.bmp,game_3.bmp,new,l,l,1,548
55,,male,german,right,ok,,BWL,brady,750,0,5,3,,,025.bmp,spoon_9.bmp,072.bmp,feather_2.bmp,new,l,l,1,481
55,,male,german,right,ok,,BWL,brady,750,0,5,3,,,063.bmp,powerstrip_1.bmp,041.bmp,powerstrip_1.bmp,target,a,a,1,1024
55,,male,german,right,ok,,BWL,brady,750,0,5,4,,060.bmp,020.bmp,flashlight_8.bmp,088.bmp,flashlight_13.bmp,lure,a,l,0,957
55,,male,german,right,ok,,BWL,brady,750,0,5,3,,,101.bmp,keyboard_7.bmp,056.bmp,juice_5.bmp,new,l,l,1,1005
55,,male,german,right,ok,,BWL,brady,750,0,5,4,,100.bmp,116.bmp,sandwich_16.bmp,099.bmp,grill_2.bmp,new,l,l,1,687
55,,male,german,right,ok,,BWL,brady,750,0,5,5,082.bmp,084.bmp,010.bmp,exerciseequipment_16.bmp,024.bmp,exerciseequipment_16.bmp,target,a,a,1,496
55,,male,german,right,ok,,BWL,brady,750,0,5,4,,006.bmp,035.bmp,nailpolish_11.bmp,114.bmp,ring_12.bmp,new,l,l,1,893
55,,male,german,right,ok,,BWL,brady,750,0,5,5,017.bmp,033.bmp,101.bmp,leatherman_7.bmp,097.bmp,camera_5.bmp,new,l,l,1,1192
55,,male,german,right,ok,,BWL,brady,750,0,5,4,,105.bmp,046.bmp,hourglass_4.bmp,040.bmp,hourglass_4.bmp,target,a,a,1,690
55,,male,german,right,ok,,BWL,brady,750,0,5,3,,,040.bmp,babycrib_4.bmp,079.bmp,babycrib_1.bmp,lure,l,l,1,709
55,,male,german,right,ok,,BWL,brady,750,0,5,5,073.bmp,112.bmp,110.bmp,doorknocker_3.bmp,111.bmp,doorknocker_3.bmp,target,a,a,1,449
55,,male,german,right,ok,,BWL,brady,750,0,5,4,,035.bmp,095.bmp,compass_12.bmp,047.bmp,compass_12.bmp,target,a,a,1,683
55,,male,german,right,ok,,BWL,brady,750,0,5,3,,,005.bmp,orifan_14.bmp,012.bmp,orifan_17.bmp,lure,l,l,1,683
55,,male,german,right,ok,,BWL,brady,750,0,5,5,052.bmp,099.bmp,040.bmp,necklace_2.bmp,127.bmp,necklace_2.bmp,target,a,a,1,374
55,,male,german,right,ok,,BWL,brady,750,0,5,5,063.bmp,003.bmp,052.bmp,patioloungechair_15.bmp,041.bmp,hat_3.bmp,new,l,l,1,676
55,,male,german,right,ok,,BWL,brady,750,0,5,4,,080.bmp,051.bmp,laptop_11.bmp,054.bmp,laptop_8.bmp,lure,a,l,0,449
55,,male,german,right,ok,,BWL,brady,750,0,5,3,,,067.bmp,button_8.bmp,087.bmp,button_8.bmp,target,a,a,1,658
55,,male,german,right,ok,,BWL,brady,750,0,5,5,115.bmp,003.bmp,089.bmp,christmasornament_11.bmp,109.bmp,plane_9.bmp,new,l,l,1,550
55,,male,german,right,ok,,BWL,brady,750,0,5,5,046.bmp,002.bmp,083.bmp,videogamecontroller_17.bmp,069.bmp,videogamecontroller_17.bmp,target,a,a,1,661
55,,male,german,right,ok,,BWL,brady,750,0,5,3,,,081.bmp,bench_14.bmp,041.bmp,radio_15.bmp,new,l,l,1,851
55,,male,german,right,ok,,BWL,brady,750,0,5,4,,060.bmp,119.bmp,backpack_11.bmp,091.bmp,kayak_10.bmp,new,l,l,1,519
55,,male,german,right,ok,,BWL,brady,750,0,5,5,025.bmp,108.bmp,007.bmp,watch_16.bmp,089.bmp,watch_16.bmp,target,a,a,1,588
55,,male,german,right,ok,,BWL,brady,750,0,5,5,114.bmp,115.bmp,022.bmp,bill_14.bmp,017.bmp,bill_14.bmp,target,a,a,1,1446
55,,male,german,right,ok,,BWL,brady,750,0,5,3,,,080.bmp,frame_16.bmp,013.bmp,circutboard_8.bmp,new,l,l,1,550
55,,male,german,right,ok,,BWL,brady,750,0,5,5,058.bmp,074.bmp,066.bmp,cheesegrater_15.bmp,092.bmp,cheesegrater_10.bmp,lure,l,l,1,1025
55,,male,german,right,ok,,BWL,brady,750,0,5,3,,,048.bmp,flag_14.bmp,082.bmp,flag_1.bmp,lure,l,l,1,530
55,,male,german,right,ok,,BWL,brady,750,0,5,4,,034.bmp,114.bmp,apple_14.bmp,042.bmp,cooler_13.bmp,new,l,l,1,624
55,,male,german,right,ok,,BWL,brady,750,0,5,3,,,105.bmp,sleepingbag_7.bmp,063.bmp,sleepingbag_7.bmp,target,a,a,1,724
55,,male,german,right,ok,,BWL,brady,750,0,5,3,,,083.bmp,cookie_12.bmp,120.bmp,computerkey_3.bmp,new,l,l,1,668
55,,male,german,right,ok,,BWL,brady,750,0,5,5,009.bmp,026.bmp,100.bmp,tent_17.bmp,105.bmp,donut_15.bmp,new,l,l,1,691
55,,male,german,right,ok,,BWL,brady,750,0,5,5,005.bmp,063.bmp,039.bmp,suitcase_13.bmp,016.bmp,suitcase_12.bmp,lure,a,l,0,692
55,,male,german,right,ok,,BWL,brady,750,0,5,4,,125.bmp,067.bmp,decorativescreen_13.bmp,004.bmp,decorativescreen_11.bmp,lure,l,l,1,624
55,,male,german,right,ok,,BWL,brady,750,0,5,5,078.bmp,020.bmp,082.bmp,clock_14.bmp,113.bmp,clock_14.bmp,target,a,a,1,533
55,,male,german,right,ok,,BWL,brady,750,0,5,4,,077.bmp,031.bmp,jack-o-lantern_13.bmp,074.bmp,recordplayer_13.bmp,new,l,l,1,516
55,,male,german,right,ok,,BWL,brady,750,0,5,5,096.bmp,045.bmp,090.bmp,helmet_8.bmp,119.bmp,helmet_8.bmp,target,a,a,1,774
55,,male,german,right,ok,,BWL,brady,750,0,5,3,,,121.bmp,bell_15.bmp,116.bmp,hanger_11.bmp,new,l,l,1,622
55,,male,german,right,ok,,BWL,brady,750,0,5,4,,055.bmp,019.bmp,bowlingpin_4.bmp,041.bmp,saltpeppershake_10.bmp,new,l,l,1,661
55,,male,german,right,ok,,BWL,brady,750,0,5,4,,012.bmp,065.bmp,scrunchie_16.bmp,052.bmp,circuitboard_16.bmp,new,l,l,1,697
55,,male,german,right,ok,,BWL,goh,830,0,6,4,,house_42.png,house_24.png,pair49_24.jpg,house_7.png,pair49_74.jpg,lure,l,l,1,1454
55,,male,german,right,ok,,BWL,goh,830,0,6,3,,,house_9.png,pair115_24.jpg,house_32.png,pair115_24.jpg,target,a,a,1,688
55,,male,german,right,ok,,BWL,goh,830,0,6,4,,house_44.png,house_10.png,pair144_74.jpg,house_20.png,pair144_74.jpg,target,a,a,1,699
55,,male,german,right,ok,,BWL,goh,830,0,6,5,house_45.png,house_19.png,house_18.png,pair39_24.jpg,house_29.png,pair33_74.jpg,new,l,l,1,695
55,,male,german,right,ok,,BWL,goh,830,0,6,3,,,house_47.png,pair149_74.jpg,house_24.png,pair68_24.jpg,new,l,l,1,678
55,,male,german,right,ok,,BWL,goh,830,0,6,4,,house_25.png,house_45.png,pair71_24.jpg,house_37.png,pair71_74.jpg,lure,a,l,0,533
55,,male,german,right,ok,,BWL,goh,830,0,6,5,house_6.png,house_43.png,house_4.png,pair117_74.jpg,house_39.png,pair138_74.jpg,new,l,l,1,1080
55,,male,german,right,ok,,BWL,goh,830,0,6,5,house_7.png,house_45.png,house_13.png,pair146_74.jpg,house_4.png,pair146_74.jpg,target,a,a,1,378
55,,male,german,right,ok,,BWL,goh,830,0,6,4,,house_3.png,house_24.png,pair87_24.jpg,house_33.png,pair87_74.jpg,lure,a,l,0,672
55,,male,german,right,ok,,BWL,goh,830,0,6,3,,,house_44.png,pair143_24.jpg,house_45.png,pair143_74.jpg,lure,l,l,1,830
55,,male,german,right,ok,,BWL,goh,830,0,6,4,,house_17.png,house_24.png,pair2_24.jpg,house_5.png,pair2_24.jpg,target,a,a,1,468
55,,male,german,right,ok,,BWL,goh,830,0,6,4,,house_3.png,house_2.png,pair145_74.jpg,house_5.png,pair145_74.jpg,target,a,a,1,437
55,,male,german,right,ok,,BWL,goh,830,0,6,3,,,house_7.png,pair131_24.jpg,house_5.png,pair131_74.jpg,lure,a,l,0,858
55,,male,german,right,ok,,BWL,goh,830,0,6,3,,,house_26.png,pair9_24.jpg,house_1.png,pair9_74.jpg,lure,l,l,1,783
55,,male,german,right,ok,,BWL,goh,830,0,6,5,house_7.png,house_28.png,house_22.png,pair42_24.jpg,house_44.png,pair92_24.jpg,new,l,l,1,615
55,,male,german,right,ok,,BWL,goh,830,0,6,5,house_33.png,house_26.png,house_47.png,pair86_24.jpg,house_1.png,pair86_74.jpg,lure,a,l,0,460
55,,male,german,right,ok,,BWL,goh,830,0,6,4,,house_33.png,house_28.png,pair23_24.jpg,house_26.png,pair74_74.jpg,new,l,l,1,612
55,,male,german,right,ok,,BWL,goh,830,0,6,5,house_46.png,house_5.png,house_11.png,pair120_74.jpg,house_30.png,pair93_74.jpg,new,l,l,1,685
55,,male,german,right,ok,,BWL,goh,830,0,6,3,,,house_7.png,pair59_74.jpg,house_39.png,pair56_74.jpg,new,l,l,1,548
55,,male,german,right,ok,,BWL,goh,830,0,6,4,,house_21.png,house_40.png,pair70_24.jpg,house_2.png,pair70_24.jpg,target,a,a,1,459
55,,male,german,right,ok,,BWL,goh,830,0,6,3,,,house_48.png,pair84_24.jpg,house_39.png,pair3_74.jpg,new,l,l,1,625
55,,male,german,right,ok,,BWL,goh,830,0,6,5,house_40.png,house_48.png,house_15.png,pair12_24.jpg,house_29.png,pair12_24.jpg,target,a,a,1,550
55,,male,german,right,ok,,BWL,goh,830,0,6,5,house_22.png,house_5.png,house_48.png,pair40_74.jpg,house_24.png,pair98_24.jpg,new,l,l,1,845
55,,male,german,right,ok,,BWL,goh,830,0,6,3,,,house_23.png,pair130_24.jpg,house_28.png,pair130_24.jpg,target,a,a,1,763
55,,male,german,right,ok,,BWL,goh,830,0,6,5,house_12.png,house_32.png,house_4.png,pair118_24.jpg,house_21.png,pair118_24.jpg,target,a,a,1,942
55,,male,german,right,ok,,BWL,goh,830,0,6,5,house_36.png,house_35.png,house_40.png,pair4_74.jpg,house_30.png,pair76_74.jpg,new,l,l,1,1100
55,,male,german,right,ok,,BWL,goh,830,0,6,3,,,house_39.png,pair1_74.jpg,house_44.png,pair81_24.jpg,new,l,l,1,879
55,,male,german,right,ok,,BWL,goh,830,0,6,5,house_45.png,house_1.png,house_43.png,pair90_24.jpg,house_47.png,pair65_24.jpg,new,l,l,1,1032
55,,male,german,right,ok,,BWL,goh,830,0,6,4,,house_16.png,house_22.png,pair159_24.jpg,house_15.png,pair159_74.jpg,lure,a,l,0,1507
55,,male,german,right,ok,,BWL,goh,830,0,6,4,,house_35.png,house_23.png,pair116_24.jpg,house_46.png,pair116_24.jpg,target,a,a,1,1010
55,,male,german,right,ok,,BWL,goh,830,0,6,4,,house_3.png,house_9.png,pair135_74.jpg,house_30.png,pair135_74.jpg,target,a,a,1,1014
55,,male,german,right,ok,,BWL,goh,830,0,6,5,house_22.png,house_30.png,house_16.png,pair132_74.jpg,house_20.png,pair154_74.jpg,new,l,l,1,1012
55,,male,german,right,ok,,BWL,goh,830,0,6,5,house_42.png,house_18.png,house_45.png,pair11_74.jpg,house_31.png,pair11_24.jpg,lure,l,l,1,1191
55,,male,german,right,ok,,BWL,goh,830,0,6,4,,house_38.png,house_36.png,pair101_24.jpg,house_48.png,pair19_74.jpg,new,l,l,1,2489
55,,male,german,right,ok,,BWL,goh,830,0,6,4,,house_21.png,house_2.png,pair125_74.jpg,house_33.png,pair150_74.jpg,new,l,l,1,1371
55,,male,german,right,ok,,BWL,goh,830,0,6,5,house_39.png,house_11.png,house_36.png,pair91_24.jpg,house_34.png,pair83_24.jpg,new,l,l,1,1178
55,,male,german,right,ok,,BWL,goh,830,0,6,4,,house_42.png,house_40.png,pair108_24.jpg,house_6.png,pair108_24.jpg,target,a,a,1,993
55,,male,german,right,ok,,BWL,goh,830,0,6,4,,house_20.png,house_19.png,pair95_24.jpg,house_13.png,pair95_24.jpg,target,a,a,1,1159
55,,male,german,right,ok,,BWL,goh,830,0,6,5,house_14.png,house_23.png,house_20.png,pair151_74.jpg,house_6.png,pair151_74.jpg,target,a,a,1,949
55,,male,german,right,ok,,BWL,goh,830,0,6,3,,,house_43.png,pair58_74.jpg,house_39.png,pair58_74.jpg,target,a,a,1,1116
55,,male,german,right,ok,,BWL,goh,830,0,6,5,house_48.png,house_31.png,house_10.png,pair128_74.jpg,house_46.png,pair128_74.jpg,target,a,a,1,1133
55,,male,german,right,ok,,BWL,goh,830,0,6,5,house_38.png,house_33.png,house_29.png,pair122_74.jpg,house_2.png,pair20_74.jpg,new,l,l,1,908
55,,male,german,right,ok,,BWL,goh,830,0,6,5,house_18.png,house_4.png,house_35.png,pair57_74.jpg,house_1.png,pair127_74.jpg,new,l,l,1,845
55,,male,german,right,ok,,BWL,goh,830,0,6,3,,,house_18.png,pair158_74.jpg,house_28.png,pair158_24.jpg,lure,a,l,0,1136
55,,male,german,right,ok,,BWL,goh,830,0,6,3,,,house_10.png,pair155_74.jpg,house_5.png,pair155_74.jpg,target,a,a,1,1212
55,,male,german,right,ok,,BWL,goh,830,0,6,4,,house_10.png,house_33.png,pair43_74.jpg,house_36.png,pair43_24.jpg,lure,a,l,0,1355
55,,male,german,right,ok,,BWL,goh,830,0,6,4,,house_17.png,house_21.png,pair73_74.jpg,house_38.png,pair41_74.jpg,new,l,l,1,640
55,,male,german,right,ok,,BWL,goh,830,0,6,3,,,house_42.png,pair5_24.jpg,house_39.png,pair5_74.jpg,lure,a,l,0,363
55,,male,german,right,ok,,BWL,goh,830,0,6,4,,house_4.png,house_30.png,pair31_24.jpg,house_17.png,pair31_74.jpg,lure,l,l,1,452
55,,male,german,right,ok,,BWL,goh,830,0,6,5,house_46.png,house_28.png,house_7.png,pair79_74.jpg,house_44.png,pair79_24.jpg,lure,l,l,1,508
55,,male,german,right,ok,,BWL,goh,830,0,6,5,house_32.png,house_4.png,house_43.png,pair22_24.jpg,house_8.png,pair75_74.jpg,new,l,l,1,458
55,,male,german,right,ok,,BWL,goh,830,0,6,3,,,house_13.png,pair16_24.jpg,house_17.png,pair16_74.jpg,lure,l,l,1,712
55,,male,german,right,ok,,BWL,goh,830,0,6,5,house_16.png,house_40.png,house_13.png,pair36_74.jpg,house_30.png,pair36_74.jpg,target,a,a,1,540
55,,male,german,right,ok,,BWL,goh,830,0,6,5,house_6.png,house_36.png,house_42.png,pair114_24.jpg,house_46.png,pair114_24.jpg,target,a,a,1,507
55,,male,german,right,ok,,BWL,goh,830,0,6,4,,house_48.png,house_31.png,pair77_24.jpg,house_11.png,pair53_24.jpg,new,l,l,1,640
55,,male,german,right,ok,,BWL,goh,830,0,6,4,,house_5.png,house_40.png,pair30_24.jpg,house_4.png,pair78_24.jpg,new,l,l,1,476
55,,male,german,right,ok,,BWL,goh,830,0,6,3,,,house_31.png,pair66_74.jpg,house_32.png,pair66_74.jpg,target,a,a,1,636
55,,male,german,right,ok,,BWL,goh,830,0,6,4,,house_29.png,house_18.png,pair52_24.jpg,house_2.png,pair52_24.jpg,target,a,a,1,451
55,,male,german,right,ok,,BWL,goh,830,0,6,5,house_5.png,house_19.png,house_43.png,pair26_24.jpg,house_39.png,pair26_74.jpg,lure,l,l,1,566
55,,male,german,right,ok,,BWL,goh,830,0,6,5,house_32.png,house_11.png,house_4.png,pair126_74.jpg,house_2.png,pair126_74.jpg,target,a,a,1,430
55,,male,german,right,ok,,BWL,goh,830,0,6,4,,house_32.png,house_10.png,pair119_24.jpg,house_13.png,pair119_74.jpg,lure,a,l,0,727
55,,male,german,right,ok,,BWL,goh,830,0,6,5,house_44.png,house_34.png,house_31.png,pair103_74.jpg,house_29.png,pair103_74.jpg,target,a,a,1,396
55,,male,german,right,ok,,BWL,goh,830,0,6,3,,,house_12.png,pair60_74.jpg,house_22.png,pair55_24.jpg,new,l,l,1,577
55,,male,german,right,ok,,BWL,goh,830,0,6,5,house_7.png,house_47.png,house_20.png,pair97_74.jpg,house_5.png,pair97_74.jpg,target,l,a,0,821
55,,male,german,right,ok,,BWL,goh,830,0,6,4,,house_40.png,house_25.png,pair160_74.jpg,house_9.png,pair140_74.jpg,new,l,l,1,617
55,,male,german,right,ok,,BWL,goh,830,0,6,3,,,house_39.png,pair61_24.jpg,house_6.png,pair61_74.jpg,lure,l,l,1,1213
55,,male,german,right,ok,,BWL,goh,830,0,6,3,,,house_26.png,pair62_74.jpg,house_43.png,pair21_74.jpg,new,l,l,1,1933
55,,male,german,right,ok,,BWL,goh,830,0,6,4,,house_19.png,house_37.png,pair27_24.jpg,house_34.png,pair27_74.jpg,lure,a,l,0,667
55,,male,german,right,ok,,BWL,goh,830,0,6,3,,,house_2.png,pair112_24.jpg,house_23.png,pair112_74.jpg,lure,l,l,1,1044
55,,male,german,right,ok,,BWL,goh,830,0,6,5,house_4.png,house_44.png,house_29.png,pair48_74.jpg,house_48.png,pair48_24.jpg,lure,l,l,1,761
55,,male,german,right,ok,,BWL,goh,830,0,6,5,house_6.png,house_34.png,house_39.png,pair25_74.jpg,house_4.png,pair25_74.jpg,target,a,a,1,473
55,,male,german,right,ok,,BWL,goh,830,0,6,3,,,house_22.png,pair96_74.jpg,house_45.png,pair96_74.jpg,target,a,a,1,1068
55,,male,german,right,ok,,BWL,goh,830,0,6,3,,,house_34.png,pair47_74.jpg,house_43.png,pair47_24.jpg,lure,a,l,0,1417
55,,male,german,right,ok,,BWL,goh,830,0,6,4,,house_17.png,house_38.png,pair64_24.jpg,house_44.png,pair113_74.jpg,new,l,l,1,615
55,,male,german,right,ok,,BWL,goh,830,0,6,5,house_12.png,house_16.png,house_24.png,pair15_24.jpg,house_2.png,pair82_74.jpg,new,l,l,1,517
55,,male,german,right,ok,,BWL,goh,830,0,6,3,,,house_17.png,pair38_74.jpg,house_23.png,pair38_74.jpg,target,a,a,1,968
55,,male,german,right,ok,,BWL,goh,830,0,6,4,,house_48.png,house_6.png,pair136_24.jpg,house_27.png,pair157_74.jpg,new,l,l,1,779
55,,male,german,right,ok,,BWL,goh,830,0,6,3,,,house_30.png,pair109_24.jpg,house_47.png,pair105_24.jpg,new,l,l,1,792
55,,male,german,right,ok,,BWL,goh,830,0,6,5,house_26.png,house_23.png,house_10.png,pair129_24.jpg,house_38.png,pair129_74.jpg,lure,a,l,0,696
55,,male,german,right,ok,,BWL,goh,830,0,6,4,,house_11.png,house_8.png,pair45_74.jpg,house_15.png,pair45_24.jpg,lure,a,l,0,660
55,,male,german,right,ok,,BWL,goh,830,0,6,4,,house_22.png,house_35.png,pair6_74.jpg,house_38.png,pair6_24.jpg,lure,a,l,0,882
55,,male,german,right,ok,,BWL,goh,830,0,6,3,,,house_12.png,pair63_74.jpg,house_7.png,pair63_24.jpg,lure,l,l,1,713
55,,male,german,right,ok,,BWL,goh,830,0,6,3,,,house_26.png,pair99_74.jpg,house_41.png,pair99_74.jpg,target,a,a,1,523
55,,male,german,right,ok,,BWL,goh,830,0,6,4,,house_10.png,house_12.png,pair28_24.jpg,house_24.png,pair8_24.jpg,new,l,l,1,1134
55,,male,german,right,ok,,BWL,goh,830,0,6,3,,,house_7.png,pair106_74.jpg,house_5.png,pair106_24.jpg,lure,l,l,1,935
55,,male,german,right,ok,,BWL,goh,830,0,6,3,,,house_1.png,pair111_24.jpg,house_10.png,pair111_74.jpg,lure,a,l,0,618
55,,male,german,right,ok,,BWL,goh,830,0,6,3,,,house_14.png,pair107_74.jpg,house_20.png,pair107_74.jpg,target,a,a,1,590
55,,male,german,right,ok,,BWL,goh,830,0,6,5,house_14.png,house_34.png,house_41.png,pair35_24.jpg,house_35.png,pair35_24.jpg,target,a,a,1,421
55,,male,german,right,ok,,BWL,goh,830,0,6,5,house_42.png,house_7.png,house_46.png,pair139_24.jpg,house_29.png,pair139_74.jpg,lure,l,l,1,720
55,,male,german,right,ok,,BWL,goh,830,0,6,3,,,house_47.png,pair85_74.jpg,house_37.png,pair85_74.jpg,target,a,a,1,550
55,,male,german,right,ok,,BWL,goh,830,0,6,4,,house_48.png,house_28.png,pair50_74.jpg,house_7.png,pair50_74.jpg,target,a,a,1,651
55,,male,german,right,ok,,BWL,goh,830,0,6,3,,,house_37.png,pair124_24.jpg,house_43.png,pair124_24.jpg,target,a,a,1,491
55,,male,german,right,ok,,BWL,goh,830,0,6,3,,,house_5.png,pair123_24.jpg,house_6.png,pair123_24.jpg,target,a,a,1,449
55,,male,german,right,ok,,BWL,goh,830,0,6,4,,house_31.png,house_19.png,pair153_24.jpg,house_48.png,pair80_74.jpg,new,l,l,1,701
55,,male,german,right,ok,,BWL,goh,830,0,6,5,house_26.png,house_16.png,house_19.png,pair67_24.jpg,house_5.png,pair102_74.jpg,new,l,l,1,719
55,,male,german,right,ok,,BWL,goh,830,0,6,5,house_9.png,house_36.png,house_46.png,pair54_74.jpg,house_19.png,pair94_74.jpg,new,l,l,1,922
55,,male,german,right,ok,,BWL,goh,830,0,6,4,,house_11.png,house_26.png,pair156_74.jpg,house_9.png,pair156_24.jpg,lure,a,l,0,608
55,,male,german,right,ok,,BWL,goh,830,0,6,5,house_40.png,house_47.png,house_12.png,pair18_24.jpg,house_30.png,pair18_74.jpg,lure,l,l,1,1400
55,,male,german,right,ok,,BWL,goh,830,0,6,5,house_25.png,house_12.png,house_41.png,pair46_74.jpg,house_27.png,pair148_74.jpg,new,l,l,1,1049
55,,male,german,right,ok,,BWL,goh,830,0,6,3,,,house_41.png,pair17_74.jpg,house_39.png,pair104_74.jpg,new,l,l,1,1334
55,,male,german,right,ok,,BWL,goh,830,0,6,5,house_43.png,house_29.png,house_42.png,pair13_74.jpg,house_17.png,pair13_24.jpg,lure,l,l,1,717
55,,male,german,right,ok,,BWL,goh,830,0,6,3,,,house_4.png,pair89_74.jpg,house_40.png,pair89_74.jpg,target,a,a,1,911
55,,male,german,right,ok,,BWL,goh,830,0,6,3,,,house_14.png,pair51_74.jpg,house_24.png,pair51_74.jpg,target,a,a,1,1057
55,,male,german,right,ok,,BWL,goh,830,0,6,3,,,house_37.png,pair137_24.jpg,house_46.png,pair137_74.jpg,lure,l,l,1,1170
55,,male,german,right,ok,,BWL,goh,830,0,6,4,,house_35.png,house_23.png,pair14_74.jpg,house_4.png,pair10_24.jpg,new,l,l,1,1000
55,,male,german,right,ok,,BWL,goh,830,0,6,4,,house_9.png,house_48.png,pair110_24.jpg,house_8.png,pair110_74.jpg,lure,l,l,1,1091
55,,male,german,right,ok,,BWL,goh,830,0,6,5,house_24.png,house_8.png,house_43.png,pair88_24.jpg,house_21.png,pair88_74.jpg,lure,l,l,1,1049
55,,male,german,right,ok,,BWL,goh,830,0,6,3,,,house_11.png,pair121_74.jpg,house_26.png,pair121_24.jpg,lure,l,l,1,1193
55,,male,german,right,ok,,BWL,words,250,0,7,5,Zötte,Meimen,odrikö,Zombie,arbo,VAMPIR,lure,l,l,1,1543
55,,male,german,right,ok,,BWL,words,250,0,7,4,,heiwel,Fubi,Adverb,Leovirr,RIECHEN,new,l,l,1,700
55,,male,german,right,ok,,BWL,words,250,0,7,4,,gorb,furse,Rock,Volhi,BIRKE,new,l,l,1,683
55,,male,german,right,ok,,BWL,words,250,0,7,5,Hogialler,Rasserrayt,Ohes,Euro,keige,HASCHISCH,new,l,l,1,991
55,,male,german,right,ok,,BWL,words,250,0,7,5,Uretasa,veilung,Üpleyre,Bonbons,Twiskie,BONBONS,target,a,a,1,725
55,,male,german,right,ok,,BWL,words,250,0,7,4,,Tadamext,hosdunger,Computer,Bonnelstrein,BERUFSSCHULE,new,l,l,1,574
55,,male,german,right,ok,,BWL,words,250,0,7,5,Machgen,Sichenbuige,Flamegs,Schütze,bladracho,SCHÜTZE,target,a,a,1,1020
55,,male,german,right,ok,,BWL,words,250,0,7,4,,Senzan,fumel,Weizen,herlud,WEIZEN,target,a,a,1,383
55,,male,german,right,ok,,BWL,words,250,0,7,4,,Pledesand,nekle,Bombe,Herk,CHACHACHA,new,l,l,1,560
55,,male,german,right,ok,,BWL,words,250,0,7,4,,Nouge,kubi,Grün,barziwün,KAJAL,new,l,l,1,1347
55,,male,german,right,ok,,BWL,words,250,0,7,5,Geßerd,Backgohr,Zährer,Becher,ogniko,BECHER,target,a,a,1,378
55,,male,german,right,ok,,BWL,words,250,0,7,5,Kachden,bisoblommer,werdalf,Whiskey,Tabiffe,WHISKEY,target,a,a,1,396
55,,male,german,right,ok,,BWL,words,250,0,7,3,,,dittibeter,Masern,Zinkem,WINDPOCKEN,lure,l,l,1,665
55,,male,german,right,ok,,BWL,words,250,0,7,4,,fampnad,kladisimte,Afrika,Zohmie,AUSTRALIEN,lure,l,l,1,652
55,,male,german,right,ok,,BWL,words,250,0,7,3,,,Strernkadel,Sauerstoff,horhormivs,KOHLENSTOFF,lure,l,l,1,995
55,,male,german,right,ok,,BWL,words,250,0,7,3,,,Dirsibeter,Meer,kona,HORRORFILM,new,l,l,1,718
55,,male,german,right,ok,,BWL,words,250,0,7,3,,,Boge,Oper,gorn,OPER,target,a,a,1,619
55,,male,german,right,ok,,BWL,words,250,0,7,4,,malsa,Spleller,Gabel,Relle,GABEL,target,a,a,1,483
55,,male,german,right,ok,,BWL,words,250,0,7,5,Wudenrolz,odrikö,Yokke,Bleistift,spaspre,REGEN,new,l,l,1,687
55,,male,german,right,ok,,BWL,words,250,0,7,4,,cafhuter,Veichmen,Physik,schabt,BIOLOGIE,lure,l,l,1,716
55,,male,german,right,ok,,BWL,words,250,0,7,4,,Lära,steinbinn,Beethoven,greites,VIVALDI,lure,l,l,1,714
55,,male,german,right,ok,,BWL,words,250,0,7,5,wudelhine,Nämbie,wiebe,Stuttgart,Pißbasium,STUTTGART,target,a,a,1,375
55,,male,german,right,ok,,BWL,words,250,0,7,3,,,vehr,Tag,Mee,JAHR,lure,l,l,1,851
55,,male,german,right,ok,,BWL,words,250,0,7,3,,,Ehrta,Oregano,karürne,FLÖTE,new,a,l,0,665
55,,male,german,right,ok,,BWL,words,250,0,7,4,,Nanke,Neglu,Zange,yokke,ZANGE,target,a,a,1,539
55,,male,german,right,ok,,BWL,words,250,0,7,4,,knün,Pudo,Arzt,Oralein,ARZT,target,a,a,1,587
55,,male,german,right,ok,,BWL,words,250,0,7,4,,Varsche,meboon,Messing,Müchter,SILBER,lure,l,l,1,620
55,,male,german,right,ok,,BWL,words,250,0,7,3,,,steckstoms,Schiff,Menzon,ÖSTERREICH,new,l,l,1,630
55,,male,german,right,ok,,BWL,words,250,0,7,4,,peimen,Mampums,Fußball,nolipost,LEINEN,new,l,l,1,497
55,,male,german,right,ok,,BWL,words,250,0,7,4,,hoswurger,Früte,Onkel,bisbe,LEBER,new,l,l,1,626
55,,male,german,right,ok,,BWL,words,250,0,7,5,pulge,Kattpammon,blein,Döner,dorch,DÖNER,target,a,a,1,389
55,,male,german,right,ok,,BWL,words,250,0,7,4,,Niebe,nachs,König,Junwe,KÖNIG,target,a,a,1,523
55,,male,german,right,ok,,BWL,words,250,0,7,5,bekre,Grörpete,Deuatoge,Schwalbe,Kanero,SCHWALBE,target,a,a,1,524
55,,male,german,right,ok,,BWL,words,250,0,7,4,,hürne,Wackford,Saarland,Äsleyre,SAARLAND,target,l,a,0,950
55,,male,german,right,ok,,BWL,words,250,0,7,5,rustes,ofiese,Mangy,Trauer,Skiwehren,FREUDE,lure,l,l,1,591
55,,male,german,right,ok,,BWL,words,250,0,7,5,Soches,rusband,barziwon,Kapelle,Matokke,INTERNET,new,l,l,1,613
55,,male,german,right,ok,,BWL,words,250,0,7,4,,pittibeter,Schüfertust,Stricknadel,quidrat,STECKNADEL,lure,l,l,1,733
55,,male,german,right,ok,,BWL,words,250,0,7,3,,,Nolipost,Kupplung,sparper,QUADRAT,new,l,l,1,874
55,,male,german,right,ok,,BWL,words,250,0,7,5,Keden,tobosdelebon,Krupflau,Hütte,sulmimonchen,SCHUPPEN,lure,l,l,1,759
55,,male,german,right,ok,,BWL,words,250,0,7,4,,Eßser,beebüffel,Thunfisch,stumkes,FORELLE,lure,l,l,1,612
55,,male,german,right,ok,,BWL,words,250,0,7,4,,Nekle,Blalmesser,Bohnen,lenzis,BLUMENKOHL,lure,l,l,1,612
55,,male,german,right,ok,,BWL,words,250,0,7,3,,,kuser,Apfel,Rasserstayt,KÜCHENWAAGE,new,l,l,1,533
55,,male,german,right,ok,,BWL,words,250,0,7,3,,,renbarin,Peugeot,Murrkes,VEILCHEN,new,a,l,0,1179
55,,male,german,right,ok,,BWL,words,250,0,7,5,schwiffen,Teebäffel,wunnel,Klebeband,küßschatten,LINEAL,lure,l,l,1,540
55,,male,german,right,ok,,BWL,words,250,0,7,4,,pulde,Kock,Stuhl,Pfüte,STUHL,target,l,a,0,530
55,,male,german,right,ok,,BWL,words,250,0,7,3,,,Särne,Biene,zates,BIENE,target,a,a,1,971
55,,male,german,right,ok,,BWL,words,250,0,7,3,,,Pudo,Hand,seer,HAND,target,a,a,1,724
55,,male,german,right,ok,,BWL,words,250,0,7,5,eikke,ywäe,Leupedal,Tiger,jostose,PUMA,lure,l,l,1,1165
55,,male,german,right,ok,,BWL,words,250,0,7,5,Püsameter,teighoven,Volpi,Merkur,lermin,KILOMETER,new,l,l,1,530
55,,male,german,right,ok,,BWL,words,250,0,7,5,bisoprarmer,Tajo,Sonbort,Dackel,neimen,SCHÄFERHUND,lure,l,l,1,471
55,,male,german,right,ok,,BWL,words,250,0,7,5,blonne,Phynion,berman,Diesel,lostose,BENZIN,lure,l,l,1,544
55,,male,german,right,ok,,BWL,words,250,0,7,5,Strernkadel,zoffel,Mee,Zug,Sot,BUS,lure,l,l,1,541
55,,male,german,right,ok,,BWL,words,250,0,7,5,stuhlgirt,pelkher,Pißkasium,Elbe,kofi,SCHREIBEN,new,l,l,1,562
55,,male,german,right,ok,,BWL,words,250,0,7,3,,,Mährer,Schach,zilche,SCHACH,target,a,a,1,630
55,,male,german,right,ok,,BWL,words,250,0,8,4,,Neribu,lüfrer,Fühlen,ragern,FÜHLEN,target,a,a,1,621
55,,male,german,right,ok,,BWL,words,250,0,8,4,,kilpedal,darsche,Opium,Zeise,FLANELL,new,l,l,1,621
55,,male,german,right,ok,,BWL,words,250,0,8,3,,,Risperhaatsgadeß,Sicherheitsnadel,risperhaatsmadek,SICHERHEITSNADEL,target,a,a,1,509
55,,male,german,right,ok,,BWL,words,250,0,8,5,Rusti,zörfel,Lektop,Weide,ulgel,SPINAT,new,l,l,1,546
55,,male,german,right,ok,,BWL,words,250,0,8,4,,Dokee,Zaure,Halma,votmo,HALMA,target,a,a,1,560
55,,male,german,right,ok,,BWL,words,250,0,8,3,,,Stunse,Amsel,eikke,HERING,new,l,l,1,588
55,,male,german,right,ok,,BWL,words,250,0,8,4,,plüte,Noßge,Ärger,Lypfel,ANGST,lure,l,l,1,684
55,,male,german,right,ok,,BWL,words,250,0,8,3,,,kaglus,Bohrer,Heuz,SÄGE,lure,a,l,0,568
55,,male,german,right,ok,,BWL,words,250,0,8,3,,,pölwasium,Koriander,Zieremt,MAJORAN,lure,l,l,1,630
55,,male,german,right,ok,,BWL,words,250,0,8,4,,kavi,aubo,Kanu,Herbus,KANU,target,a,a,1,524
55,,male,german,right,ok,,BWL,words,250,0,8,5,Tentas,Sährer,Zürche,Röteln,klinkenkendern,RÖTELN,target,a,a,1,551
55,,male,german,right,ok,,BWL,words,250,0,8,5,Herg,weltdokken,herg,Gelb,Dokee,BLAU,lure,l,l,1,655
55,,male,german,right,ok,,BWL,words,250,0,8,3,,,Wehrdokken,Mathematik,weltmokken,MATHEMATIK,target,a,a,1,586
55,,male,german,right,ok,,BWL,words,250,0,8,5,tajü,Wuritem,mambuch,Porsche,Schnert,TOCHTER,new,l,l,1,570
55,,male,german,right,ok,,BWL,words,250,0,8,5,zörfel,Nelanssprule,wurites,Mobiltelefon,Schwegt,KAMERA,lure,l,l,1,695
55,,male,german,right,ok,,BWL,words,250,0,8,3,,,Bisoblarmer,Hauptschule,monnelstrein,GESAMTSCHULE,lure,l,l,1,690
55,,male,german,right,ok,,BWL,words,250,0,8,5,Olien,Yvidu,Taspese,Basteln,kodser,MALEN,lure,l,l,1,581
55,,male,german,right,ok,,BWL,words,250,0,8,4,,grebesind,Imfe,Richter,Werwäun,BEIN,new,l,l,1,1226
55,,male,german,right,ok,,BWL,words,250,0,8,4,,schüferbung,Brahrs,Präposition,zickstiegel,PRÄPOSITION,target,l,a,0,1448
55,,male,german,right,ok,,BWL,words,250,0,8,3,,,podaufe,Lenkrad,Russand,LENKRAD,target,l,a,0,578
55,,male,german,right,ok,,BWL,words,250,0,8,3,,,Hesen,Meter,zefer,METER,target,l,a,0,377
55,,male,german,right,ok,,BWL,words,250,0,8,5,Babiö,nakame,Zerel,Dämon,plumphen,NIERE,new,l,l,1,699
55,,male,german,right,ok,,BWL,words,250,0,8,3,,,Zührer,Chopin,kohr,BUCH,new,l,l,1,601
55,,male,german,right,ok,,BWL,words,250,0,8,4,,Klasisifte,Fodaufe,Jupiter,schelbe,JUPITER,target,a,a,1,467
55,,male,german,right,ok,,BWL,words,250,0,8,3,,,nostose,Komödie,Wuvater,WESTERN,lure,a,l,0,633
55,,male,german,right,ok,,BWL,words,250,0,8,3,,,Backgohl,Backform,haarfand,HANNOVER,new,l,l,1,504
55,,male,german,right,ok,,BWL,words,250,0,8,5,Niheil,serang,Stukkes,Moschee,eretasä,MOSCHEE,target,a,a,1,646
55,,male,german,right,ok,,BWL,words,250,0,8,4,,Auste,tabia,Teich,Kodlenstühl,LILIE,new,l,l,1,610
55,,male,german,right,ok,,BWL,words,250,0,8,4,,Lüpfel,Bluleyre,Banane,ulvext,BANANE,target,l,a,0,1091
55,,male,german,right,ok,,BWL,words,250,0,8,4,,junde,greistoft,Mücke,Kiser,MÜCKE,target,l,a,0,1056
55,,male,german,right,ok,,BWL,words,250,0,8,5,zasel,Loppenstahn,Baxoron,Terrier,peffher,EISEN,new,l,l,1,565
55,,male,german,right,ok,,BWL,words,250,0,8,5,Zelen,Kachden,Blensig,Zwilling,spurtung,SACHSEN,new,l,l,1,564
55,,male,german,right,ok,,BWL,words,250,0,8,5,spikat,Zämön,Koschisch,Dolch,Begralezu,WALZER,new,l,l,1,466
55,,male,german,right,ok,,BWL,words,250,0,8,5,kilzer,Fenk,Stumstoft,Mark,zalner,TEELÖFFEL,new,l,l,1,774
55,,male,german,right,ok,,BWL,words,250,0,8,4,,lektop,esvext,Herzog,Spänät,HERZOG,target,a,a,1,533
55,,male,german,right,ok,,BWL,words,250,0,8,3,,,kichter,Karaffe,Zilelle,FLASCHE,lure,l,l,1,526
55,,male,german,right,ok,,BWL,words,250,0,8,4,,lersin,Gon,Gin,Krärpete,LOCHER,new,l,l,1,147
55,,male,german,right,ok,,BWL,words,250,0,8,3,,,konzempneil,Taxi,Gron,STRAßENBAHN,lure,l,l,1,254
55,,male,german,right,ok,,BWL,words,250,0,8,3,,,Mömig,Südamerika,rasserrapt,ASIEN,lure,l,l,1,558
55,,male,german,right,ok,,BWL,words,250,0,8,5,Nennas,deuatoge,zonie,Rouge,Blinhenkender,WIMPERNTUSCHE,lure,l,l,1,728
55,,male,german,right,ok,,BWL,words,250,0,8,4,,tadamett,konzelsmeil,Posaune,Stukkes,KONZERTSAAL,new,a,l,0,697
55,,male,german,right,ok,,BWL,words,250,0,8,5,Owiese,kempenstift,Kawurf,Pommes,Bosünie,POMMES,target,a,a,1,436
55,,male,german,right,ok,,BWL,words,250,0,8,5,Robt,pewen,rasel,Hose,Zollor,JACKE,lure,l,l,1,486
55,,male,german,right,ok,,BWL,words,250,0,8,5,wackfrech,Hosbluger,Zohrer,Petroleum,Pfeites,PETROLEUM,target,a,a,1,580
55,,male,german,right,ok,,BWL,words,250,0,8,5,tinds,wofgen,rüfgen,Wasserstoff,Bisoblarmer,HELIUM,lure,l,l,1,440
55,,male,german,right,ok,,BWL,words,250,0,8,5,rhynion,werwädt,Strahnkadel,Lakritz,wuvitem,LAKRITZ,target,a,a,1,523
55,,male,german,right,ok,,BWL,words,250,0,8,4,,Sulmimoschen,Knau,Sonnenschein,sulmimoschen,SONNENSCHEIN,target,l,a,0,717
55,,male,german,right,ok,,BWL,words,250,0,8,5,Urasien,zimche,Oheile,Stunde,sagmarin,ENGLAND,new,l,l,1,1183
55,,male,german,right,ok,,BWL,words,250,0,8,3,,,nerufse,Baracke,Teighoven,BLOCKHAUS,lure,a,l,0,680
55,,male,german,right,ok,,BWL,words,250,0,8,5,Peugeul,sichenquage,Mapf,Sofa,hosbudger,SCHRANK,lure,l,l,1,688
55,,male,german,right,ok,,BWL,words,250,0,8,5,karürne,Mümpel,thopon,Roggen,Püsameter,FILZSTIFT,new,l,l,1,462
55,,male,german,right,ok,,BWL,words,250,0,8,3,,,schweiren,Skifahren,Benson,TENNIS,lure,a,l,0,282
55,,male,german,right,ok,,BWL,words,250,0,8,4,,mabiä,veidung,Rhein,Veiflut,LEOPARD,new,a,l,0,302
55,,male,german,right,ok,,BWL,words,250,0,8,4,,nostose,lanke,Viereck,Lakrökt,KREIS,lure,l,l,1,522
